id,title,length,year,come-dubbio-boolean,come-negazione-boolean,come-riformulazione-boolean,cosa-dubbio-boolean,cosa-negazione-boolean,cosa-riformulazione-boolean,senso-dubbio-boolean,senso-negazione-boolean,senso-riformulazione-boolean,come-dubbio,come-negazione,come-riformulazione,cosa-dubbio,cosa-negazione,cosa-riformulazione,senso-dubbio,senso-negazione,senso-riformulazione,V1,V2
S004,Angoscia in caserma,19473,1945,0,0,1,1,1,0,1,0,1,0,0,0.1111111111,0.5,0.1111111111,0,0.1666666667,0,0.1111111111,0.08259053,0.12070535
S005,Andato al comando,10457,1946,0,0,0,1,0,1,1,0,0,0,0,0,0.6,0,0.2,0.2,0,0,-0.1675895,0.24728671
S006,Di padre in figlio,8291,1946,0,0,0,1,0,0,0,0,1,0,0,0,0.5,0,0,0,0,0.5,-0.2165731,-0.0904604
S007,Paura sul sentiero,13175,1946,0,0,0,1,1,0,0,0,1,0,0,0,0.7894736842,0.1578947368,0,0,0,0.05263157895,-0.1182107,-0.0499812
S009,Uomo nei gerbidi,9042,1946,0,0,0,0,1,0,0,0,1,0,0,0,0,0.75,0,0,0,0.25,-0.209877,-0.0621058
S010,Campo di mine,9702,1946,0,0,1,1,1,0,1,1,1,0,0,0.08695652174,0.4347826087,0.1739130435,0,0.1304347826,0.08695652174,0.08695652174,0.19773365,0.08991645
S011,I fratelli Bagnasco,9240,1946,0,0,0,1,0,0,0,0,0,0,0,0,1,0,0,0,0,0,-0.3579855,-0.0668223
S012,Ragionamento del cugino,7490,1946,0,1,0,0,0,0,0,0,0,0,1,0,0,0,0,0,0,0,-0.4252953,-0.1770278
S014,Alba sui rami nudi,13871,1947,0,0,1,1,1,0,0,0,1,0,0,0.07142857143,0.7142857143,0.1428571429,0,0,0,0.07142857143,0.00440995,-0.107389
S015,Come non fui Noè (Buon a nulla),9027,1947,0,0,1,1,1,1,0,0,1,0,0,0.1111111111,0.4444444444,0.1111111111,0.2222222222,0,0,0.1111111111,0.08535695,-0.0734459
S016,Ultimo viene il corvo,10809,1947,0,0,0,1,1,0,1,0,0,0,0,0,0.75,0.2,0,0.05,0,0,-0.1738369,0.22658999
S017,Visti alla mensa,8658,1947,0,0,0,1,1,0,0,0,0,0,0,0,0.5,0.5,0,0,0,0,-0.2473579,-0.0245459
S018,L'occhio del padrone,10063,1947,0,0,0,1,0,0,0,0,0,0,0,0,1,0,0,0,0,0,-0.3579855,-0.0668223
S019,Come un volo d'anitre,11326,1947,0,0,0,1,0,0,0,0,0,0,0,0,1,0,0,0,0,0,-0.3579855,-0.0668223
S020,La fame a Bévera,11391,1947,0,0,0,1,0,0,0,0,0,0,0,0,1,0,0,0,0,0,-0.3579855,-0.0668223
S021,Furto in una pasticceria,14106,1947,0,0,0,1,1,0,1,0,0,0,0,0,0.6,0.2,0,0.2,0,0,-0.1738369,0.22658999
S022,Un bastimento carico di granchi,9906,1947,0,0,0,1,0,1,0,0,0,0,0,0,0.5,0,0.5,0,0,0,-0.2403841,-0.0204665
S023,I figli poltroni,9860,1948,0,0,0,1,0,0,1,0,0,0,0,0,0.6666666667,0,0,0.3333333333,0,0,-0.2794328,0.21356876
S024,Il giardino incantato,8487,1948,0,0,0,1,0,0,0,0,0,0,0,0,1,0,0,0,0,0,-0.3579855,-0.0668223
S026,Il bosco degli animali,15495,1948,0,0,0,0,0,1,0,0,0,0,0,0,0,0,1,0,0,0,-0.3492106,-0.0349734
S027,Si dorme come cani,12910,1948,0,0,0,1,0,0,0,0,0,0,0,0,1,0,0,0,0,0,-0.3579855,-0.0668223
S028,Com'era grande il mare,3554,1948,0,0,0,1,0,0,0,0,0,0,0,0,1,0,0,0,0,0,-0.3579855,-0.0668223
S029,Il gatto e il poliziotto,12933,1948,0,0,0,1,1,0,1,0,0,0,0,0,0.7857142857,0.1428571429,0,0.07142857143,0,0,-0.1738369,0.22658999
S030,Pranzo con un pastore,14313,1948,0,0,0,1,1,1,1,0,1,0,0,0,0.25,0.25,0.25,0.1666666667,0,0.08333333333,0.03961892,0.21119445
S031,Voglia di mare,5327,1948,0,0,0,0,1,0,0,0,0,0,0,0,0,1,0,0,0,0,-0.3627644,-0.0378739
S033,Chi ha messo la mina nel mare?,10473,1948,0,0,0,0,0,1,0,0,0,0,0,0,0,0,1,0,0,0,-0.3492106,-0.0349734
S035,Freddo a Napoli,8005,1949,0,0,0,1,1,0,0,0,0,0,0,0,0.75,0.25,0,0,0,0,-0.2473579,-0.0245459
S036,Lasciare Anna,9089,1949,1,0,0,1,1,0,0,0,0,0.1,0,0,0.5,0.4,0,0,0,0,-0.1617687,-0.1224684
S037,"Un pomeriggio, Adamo",16625,1949,0,0,0,1,1,0,1,0,0,0,0,0,0.5,0.1666666667,0,0.3333333333,0,0,-0.1738369,0.22658999
S038,La casa degli alveari,7418,1949,0,0,0,1,1,0,0,1,0,0,0,0,0.25,0.625,0,0,0.125,0,-0.1606118,-0.0813107
S039,La stessa cosa del sangue,12987,1949,0,0,0,1,1,1,1,0,0,0,0,0,0.3,0.1,0.2,0.4,0,0,-0.0758946,0.25166691
S040,Attesa della morte in un albergo,15582,1949,0,0,0,1,0,1,0,0,0,0,0,0,0.6666666667,0,0.3333333333,0,0,0,-0.2403841,-0.0204665
S041,Uno dei tre è ancora vivo,14887,1949,0,0,0,1,1,1,0,0,0,0,0,0,0.7692307692,0.07692307692,0.1538461538,0,0,0,-0.1436574,0.01316894
S042,L'avventura di un soldato,19767,1949,0,1,1,1,1,1,1,1,1,0,0.01754385965,0.01754385965,0.4210526316,0.2456140351,0.0350877193,0.08771929825,0.05263157895,0.1228070175,0.39384343,0.10770288
S043,Desiderio in novembre,14101,1949,0,0,0,0,0,1,0,0,0,0,0,0,0,0,1,0,0,0,-0.3492106,-0.0349734
S044,Lettera ad Amelia sui dischi volanti,7633,1950,0,0,0,1,1,0,1,0,0,0,0,0,0.4444444444,0.4444444444,0,0.1111111111,0,0,-0.1738369,0.22658999
S045,Storia del soldato che portò il cannone a casa,11610,1950,0,0,0,1,0,1,0,0,0,0,0,0,0.75,0,0.25,0,0,0,-0.2403841,-0.0204665
S046,"Pesci grossi, pesci piccoli",16862,1950,0,0,0,1,1,0,0,0,0,0,0,0,0.3333333333,0.6666666667,0,0,0,0,-0.2473579,-0.0245459
S047,Cimitero di biciclette,12416,1950,0,0,1,0,1,1,1,0,0,0,0,0.2,0,0.2,0.4,0.2,0,0,-0.0139869,0.20813036
S048,Mai nessuno degli uomini lo seppe,15006,1950,0,0,0,1,0,1,0,0,1,0,0,0,0.4,0,0.4,0,0,0.2,-0.1124515,-0.0463595
S049,Il reggimento smarrito,10193,1951,0,0,1,0,0,1,0,0,1,0,0,0.5,0,0,0.25,0,0,0.25,-0.0518636,-0.1441646
S050,L'avventura di una bagnante,21333,1951,0,0,0,1,1,1,1,0,0,0,0,0,0.3870967742,0.1935483871,0.3870967742,0.03225806452,0,0,-0.0758946,0.25166691
S051,Un compagno venuto da lontano,8251,1952,0,0,1,1,0,0,1,0,0,0,0,0.2,0.2,0,0,0.6,0,0,-0.1373118,0.13296115
S052,Un bel gioco dura poco,11940,1952,0,0,0,0,0,1,0,0,0,0,0,0,0,0,1,0,0,0,-0.3492106,-0.0349734
S053,Funghi in città,6506,1952,0,0,0,1,1,0,0,0,0,0,0,0,0.5,0.5,0,0,0,0,-0.2473579,-0.0245459
S054,La formica argentina,71831,1952,0,1,1,1,1,1,1,0,1,0,0.04761904762,0.04761904762,0.5238095238,0.09523809524,0.1666666667,0.04761904762,0,0.07142857143,0.25900508,0.12666865
S056,La pietanziera,7069,1952,0,0,0,0,0,0,1,0,0,0,0,0,0,0,0,1,0,0,-0.3978448,0.23181251
S057,Gli occhi del nemico,7070,1952,0,0,0,1,1,0,0,0,0,0,0,0,0.6666666667,0.3333333333,0,0,0,0,-0.2473579,-0.0245459
S058,La fabbrica occupata,7735,1952,0,0,0,0,1,0,0,0,0,0,0,0,0,1,0,0,0,0,-0.3627644,-0.0378739
S059,La ragazza licenziata,7919,1952,0,0,1,0,0,0,1,0,0,0,0,0.5,0,0,0,0.5,0,0,-0.2339204,0.13705317
S060,Le disgrazie di un paese,6734,1953,0,0,0,1,0,0,0,0,0,0,0,0,1,0,0,0,0,0,-0.3579855,-0.0668223
S063,La storia di Kim-Ghi-U,10989,1953,0,0,0,0,0,1,0,0,0,0,0,0,0,0,1,0,0,0,-0.3492106,-0.0349734
S064,Paese infido,17761,1953,1,0,0,1,0,0,0,0,0,0.6666666667,0,0,0.3333333333,0,0,0,0,0,-0.2739168,-0.1805553
S065,Gli avanguardisti a Mentone,51188,1953,1,0,1,1,1,1,1,0,1,0.0487804878,0,0.0243902439,0.6585365854,0.07317073171,0.09756097561,0.0487804878,0,0.0487804878,0.27093265,0.08739688
S066,L'aria buona,7594,1953,0,0,0,1,0,0,0,0,0,0,0,0,1,0,0,0,0,0,-0.3579855,-0.0668223
S067,L'entrata in guerra,27190,1949,0,0,0,1,1,1,0,0,0,0,0,0,0.5,0.25,0.25,0,0,0,-0.1436574,0.01316894
S068,L'avventura di un impiegato,17132,1953,0,0,0,1,1,1,0,1,1,0,0,0,0.4736842105,0.1578947368,0.1578947368,0,0.05263157895,0.1578947368,0.06866824,-0.0626266
S070,Il generale in biblioteca,10429,1953,0,0,0,0,0,1,0,0,0,0,0,0,0,0,1,0,0,0,-0.3492106,-0.0349734
S071,La fabbrica nella montagna,10615,1954,0,0,0,0,0,1,0,0,0,0,0,0,0,0,1,0,0,0,-0.3492106,-0.0349734
S072,Le notti dell'UNPA,39484,1954,0,1,0,1,1,1,0,0,1,0,0.07692307692,0,0.4615384615,0.1538461538,0.2307692308,0,0,0.07692307692,0.04904447,-0.0647603
S073,La bomba addormentata nel bosco,8394,1954,0,0,0,1,1,1,0,0,0,0,0,0,0.3333333333,0.3333333333,0.3333333333,0,0,0,-0.1436574,0.01316894
S074,Libertà! Libertà!,4546,1954,0,0,0,0,0,0,0,0,1,0,0,0,0,0,0,0,0,1,-0.3230458,-0.1147098
S075,I mozzatori di nasi,3962,1954,0,0,0,0,0,1,0,0,0,0,0,0,0,0,1,0,0,0,-0.3492106,-0.0349734
S077,Il dittatore,4114,1954,0,0,0,1,0,0,0,0,0,0,0,0,1,0,0,0,0,0,-0.3579855,-0.0668223
S078,Lo jus primae noctis,7027,1954,0,0,0,0,0,0,1,0,0,0,0,0,0,0,0,1,0,0,-0.3978448,0.23181251
S079,L'adultera,6306,1954,0,0,0,0,0,0,0,0,1,0,0,0,0,0,0,0,0,1,-0.3230458,-0.1147098
S080,La lente d'ingrandimento,4042,1954,0,0,0,0,0,0,0,0,1,0,0,0,0,0,0,0,0,1,-0.3230458,-0.1147098
S081,I Marziani,4019,1954,0,0,1,0,1,1,1,0,0,0,0,0.375,0,0.25,0.25,0.125,0,0,-0.0139869,0.20813036
S082,La domenica delle follie,6485,1954,0,0,0,1,1,0,0,0,0,0,0,0,0.75,0.25,0,0,0,0,-0.2473579,-0.0245459
S083,Il coniglio velenoso,16872,1954,0,0,0,1,1,0,0,0,1,0,0,0,0.6,0.2,0,0,0,0.2,-0.1182107,-0.0499812
S084,L'avventura di un fotografo,26301,1955,0,0,1,1,1,1,1,1,1,0,0,0.04166666667,0.04166666667,0.2083333333,0.4166666667,0.04166666667,0.04166666667,0.2083333333,0.27502246,0.12359309
S086,Luna e Gnac,10513,1957,0,0,0,1,0,0,0,0,1,0,0,0,0.3333333333,0,0,0,0,0.6666666667,-0.2165731,-0.0904604
S089,Dialogo sul satellite,8266,1958,0,0,0,0,1,0,0,0,0,0,0,0,0,1,0,0,0,0,-0.3627644,-0.0378739
S090,Monologo notturno d'un nobile scozzese,7421,1958,0,0,0,1,1,1,0,0,1,0,0,0,0.4,0.2,0.2,0,0,0.2,-0.02799,-0.0145213
S091,Una bella giornata di marzo,6351,1958,0,0,0,1,1,1,1,0,1,0,0,0,0.5217391304,0.347826087,0.04347826087,0.04347826087,0,0.04347826087,0.03961892,0.21119445
S092,La gallina di reparto,17022,1958,0,0,1,1,1,1,1,0,0,0,0,0.125,0.125,0.125,0.5,0.125,0,0,0.04642895,0.18096773
S093,La notte dei numeri,21230,1958,0,0,0,1,1,0,0,0,0,0,0,0,0.6666666667,0.3333333333,0,0,0,0,-0.2473579,-0.0245459
S094,L'avventura di un lettore,29812,1958,0,0,0,1,1,1,0,0,1,0,0,0,0.32,0.08,0.56,0,0,0.04,-0.02799,-0.0145213
S095,La nuvola di smog,101390,1958,1,1,1,1,1,1,1,1,1,0.03921568627,0.01960784314,0.03921568627,0.2941176471,0.2745098039,0.2156862745,0.03921568627,0.01960784314,0.05882352941,0.53045373,0.03348765
S097,L'avventura di un viaggiatore,30293,1958,0,0,1,1,1,1,0,1,1,0,0,0.02941176471,0.2647058824,0.3529411765,0.2647058824,0,0.02941176471,0.05882352941,0.19238414,-0.120816
S098,La villeggiatura in panchina,14003,1958,0,0,0,1,1,1,0,0,0,0,0,0,0.7142857143,0.1428571429,0.1428571429,0,0,0,-0.1436574,0.01316894
S099,Va' così che vai bene,27454,1958,0,0,0,1,0,0,0,0,0,0,0,0,1,0,0,0,0,0,-0.3579855,-0.0668223
S101,L'avventura di un miope,18975,1958,0,0,1,1,1,1,0,0,1,0,0,0.03125,0.53125,0.21875,0.15625,0,0,0.0625,0.08535695,-0.0734459
S102,L'avventura di una moglie,14457,1958,0,1,1,1,1,1,1,0,0,0,0.04545454545,0.04545454545,0.4545454545,0.2727272727,0.1363636364,0.04545454545,0,0,0.13522478,0.1671115
S103,L'avventura di due sposi,7814,1958,0,0,0,1,0,1,0,0,0,0,0,0,0.5,0,0.5,0,0,0,-0.2403841,-0.0204665
S104,L'avventura di un poeta,11830,1958,0,0,0,1,0,1,0,0,0,0,0,0,0.5,0,0.5,0,0,0,-0.2403841,-0.0204665
S105,L'avventura di uno sciatore,13850,1959,0,0,0,1,0,1,1,0,0,0,0,0,0.4545454545,0,0.3636363636,0.1818181818,0,0,-0.1675895,0.24728671
S106,La strada di San Giovanni,39265,1962,1,1,1,1,1,1,1,0,1,0.01818181818,0.01818181818,0.09090909091,0.2363636364,0.2181818182,0.1090909091,0.1090909091,0,0.2,0.38235789,0.05996841
S107,Diario in clinica,10815,1963,0,0,0,1,1,1,0,0,1,0,0,0,0.5,0.2142857143,0.2142857143,0,0,0.07142857143,-0.02799,-0.0145213
S108,Marcovaldo al supermarket,10606,1963,0,0,1,1,1,1,0,0,1,0,0,0.1176470588,0.5882352941,0.05882352941,0.1764705882,0,0,0.05882352941,0.08535695,-0.0734459
S109,La pioggia e le foglie,12518,1963,0,0,0,1,1,1,0,0,1,0,0,0,0.4444444444,0.1111111111,0.3333333333,0,0,0.1111111111,-0.02799,-0.0145213
S110,La fermata sbagliata,13030,1963,0,0,1,1,1,1,0,0,1,0,0,0.06896551724,0.6206896552,0.1034482759,0.1379310345,0,0,0.06896551724,0.08535695,-0.0734459
S111,"Fumo, vento e bolle di sapone",12414,1963,0,0,0,0,1,1,0,0,0,0,0,0,0,0.3333333333,0.6666666667,0,0,0,-0.2376775,0.01078677
S112,"Un sabato di sole, sabbia e sonno",7838,1963,0,0,1,1,1,1,0,0,0,0,0,0.1666666667,0.3333333333,0.3333333333,0.1666666667,0,0,0,-0.0261474,-0.047271
S113,La città tutta per lui,6089,1963,0,0,0,1,1,1,0,0,1,0,0,0,0.25,0.3125,0.3125,0,0,0.125,-0.02799,-0.0145213
S114,Il giardino dei gatti ostinati,20899,1963,0,0,1,1,0,1,1,0,0,0,0,0.1,0.4,0,0.3,0.2,0,0,-0.0347422,0.16516237
S115,I figli di Babbo Natale,15228,1963,0,0,0,1,1,1,0,0,0,0,0,0,0.4,0.2,0.4,0,0,0,-0.1436574,0.01316894
S116,Dov'è più azzurro il fiume,5787,1963,1,0,0,1,1,1,0,0,0,0.4,0,0,0.2,0.2,0.2,0,0,0,-0.056423,-0.075382
S117,La città smarrita nella neve,8741,1963,0,0,0,1,1,1,0,0,1,0,0,0,0.4545454545,0.1818181818,0.1818181818,0,0,0.1818181818,-0.02799,-0.0145213
S118,La distanza della Luna,29733,1964,1,1,1,1,1,1,1,1,1,0.05405405405,0.02702702703,0.2702702703,0.1891891892,0.05405405405,0.1891891892,0.1351351351,0.02702702703,0.05405405405,0.53045373,0.03348765
S119,Sul far del giorno,19463,1964,0,0,1,1,1,1,0,1,1,0,0,0.4193548387,0.09677419355,0.09677419355,0.2258064516,0,0.03225806452,0.1290322581,0.19238414,-0.120816
S120,Un segno nello spazio,19237,1964,0,0,1,1,1,1,1,1,1,0,0,0.05555555556,0.1944444444,0.08333333333,0.1666666667,0.05555555556,0.02777777778,0.4166666667,0.27502246,0.12359309
S121,Tutto in un punto,9490,1964,0,0,1,0,1,1,0,0,1,0,0,0.1,0,0.1,0.5,0,0,0.3,0.0368804,-0.0887764
S122,Senza colori,18946,1965,0,0,1,1,1,1,0,0,1,0,0,0.08333333333,0.5,0.1666666667,0.1666666667,0,0,0.08333333333,0.08535695,-0.0734459
S123,Fino a che dura il Sole,14692,1965,0,0,0,0,1,1,0,0,0,0,0,0,0,0.25,0.75,0,0,0,-0.2376775,0.01078677
S124,Lo zio acquatico,21396,1965,0,0,1,1,1,1,1,0,1,0,0,0.1578947368,0.1052631579,0.2631578947,0.05263157895,0.2631578947,0,0.1578947368,0.15777942,0.14201062
S125,La Luna come un fungo,16925,1965,0,1,1,0,1,1,0,1,0,0,0.07692307692,0.1538461538,0,0.5384615385,0.1538461538,0,0.07692307692,0,0.11461173,-0.1882565
S126,Giochi senza fine,11691,1965,1,0,0,0,1,1,0,0,1,0.3333333333,0,0,0,0.3333333333,0.1111111111,0,0,0.2222222222,0.00561951,-0.125885
S127,I meteoriti,17758,1965,0,0,0,1,1,1,1,1,1,0,0,0,0.5294117647,0.05882352941,0.1764705882,0.05882352941,0.1176470588,0.05882352941,0.14649305,0.19204172
S128,La forma dello spazio,15776,1965,0,0,1,1,1,1,1,1,1,0,0,0.2127659574,0.2340425532,0.06382978723,0.08510638298,0.1276595745,0.04255319149,0.2340425532,0.27502246,0.12359309
S129,Quanto scommettiamo,16962,1965,0,0,1,1,1,1,1,0,1,0,0,0.1111111111,0.2222222222,0.1111111111,0.1111111111,0.1111111111,0,0.3333333333,0.15777942,0.14201062
S130,I Dinosauri,32538,1965,0,0,0,1,1,1,1,0,1,0,0,0,0.4444444444,0.2222222222,0.07407407407,0.1111111111,0,0.1481481481,0.03961892,0.21119445
S131,Gli anni-luce,26660,1965,0,0,1,1,1,1,1,1,1,0,0,0.275862069,0.2413793103,0.1034482759,0.1034482759,0.06896551724,0.03448275862,0.1724137931,0.27502246,0.12359309
S132,La spirale,27755,1965,0,1,1,1,1,1,0,1,1,0,0.03076923077,0.1538461538,0.3230769231,0.1230769231,0.01538461538,0,0.01538461538,0.3384615385,0.30024029,-0.1780007
S133,Ti con zero,27727,1966,1,0,1,1,1,0,1,1,1,0.01219512195,0,0.09756097561,0.5731707317,0.0487804878,0,0.08536585366,0.01219512195,0.1707317073,0.3224992,0.01841609
S134,I. Mitosi,27482,1967,1,1,1,1,1,1,0,1,1,0.1844660194,0.1067961165,0.09708737864,0.1747572816,0.09708737864,0.03883495146,0,0.04854368932,0.2524271845,0.42755335,-0.2786078
S135,L'inseguimento,26513,1967,1,0,1,1,1,1,0,0,1,0.05555555556,0,0.08333333333,0.25,0.1666666667,0.1111111111,0,0,0.3333333333,0.18921293,-0.1544514
S136,I cristalli,15771,1967,0,0,1,0,1,0,0,1,1,0,0,0.2222222222,0,0.3333333333,0,0,0.1111111111,0.3333333333,0.05067085,-0.2056792
S137,L'origine degli uccelli,21376,1967,0,1,1,1,1,1,1,0,1,0,0.0303030303,0.09090909091,0.2727272727,0.2424242424,0.06060606061,0.1818181818,0,0.1212121212,0.25900508,0.12666865
S138,La memoria del mondo,13732,1967,1,0,1,1,1,1,0,1,1,0.125,0,0.1875,0.1875,0.25,0.0625,0,0.0625,0.125,0.30949761,-0.2093365
S139,"Il sangue, il mare",21043,1967,1,1,1,1,0,1,1,0,1,0.1304347826,0.02173913043,0.2608695652,0.1739130435,0,0.0652173913,0.02173913043,0,0.3260869565,0.30619597,0.02205807
S140,Il guidatore notturno,14578,1967,1,1,1,1,1,0,0,0,1,0.125,0.03125,0.0625,0.5,0.09375,0,0,0,0.1875,0.20397696,-0.281575
S141,La molle Luna,16603,1967,1,1,1,1,0,1,1,0,1,0.2,0.04,0.32,0.16,0,0.16,0.04,0,0.08,0.30619597,0.02205807
S142,II. Meiosi,18954,1967,1,1,1,1,1,1,0,1,1,0.09803921569,0.03921568627,0.1568627451,0.3333333333,0.07843137255,0.05882352941,0,0.01960784314,0.2156862745,0.42755335,-0.2786078
S143,III. Morte,9299,1967,1,0,1,0,1,0,0,0,1,0.4615384615,0,0.07692307692,0,0.07692307692,0,0,0,0.3846153846,0.04680034,-0.2477461
S144,Il conte di Montecristo,22375,1967,1,0,1,1,1,1,1,0,1,0.1111111111,0,0.06666666667,0.5333333333,0.04444444444,0.04444444444,0.04444444444,0,0.1555555556,0.27093265,0.08739688
S145,Le figlie della Luna,23452,1968,1,1,1,1,1,1,0,0,1,0.125,0.0625,0.125,0.4375,0.0625,0.0625,0,0,0.125,0.28967336,-0.2231745
S146,Il cielo di pietra,13895,1968,1,1,1,1,0,1,0,1,1,0.1304347826,0.04347826087,0.1739130435,0.347826087,0,0.1304347826,0,0.04347826087,0.1304347826,0.34725098,-0.3554394
S147,Tempesta solare,18603,1968,0,0,1,1,1,1,0,1,0,0,0,0.1428571429,0.5714285714,0.1428571429,0.07142857143,0,0.07142857143,0,0.07306751,-0.0909293
S148,Le conchiglie e il tempo,7831,1968,0,0,1,0,0,0,0,0,1,0,0,0.5,0,0,0,0,0,0.5,-0.1680979,-0.1976946
S149,La decapitazione dei capi,25519,1969,0,0,1,0,0,0,0,0,0,0,0,1,0,0,0,0,0,0,-0.3290875,-0.1767752
S150,Dall'opaco,22085,1971,1,1,1,1,1,1,1,1,1,0.06976744186,0.02325581395,0.1162790698,0.1395348837,0.1395348837,0.09302325581,0.02325581395,0.04651162791,0.3488372093,0.53045373,0.03348765
S151,"Il nome, il naso",25010,1972,0,0,1,1,0,0,0,0,0,0,0,0.4285714286,0.5714285714,0,0,0,0,0,-0.220678,-0.1371707
S152,La taverna dei destini incrociati,98779,1973,1,1,1,1,1,1,1,1,1,0.03240740741,0.01851851852,0.08796296296,0.2546296296,0.1574074074,0.05555555556,0.2314814815,0.03240740741,0.1296296296,0.53045373,0.03348765
S153,Ricordo di una battaglia,15654,1974,0,0,0,1,1,1,1,1,1,0,0,0,0.3777777778,0.2,0.1777777778,0.1111111111,0.04444444444,0.08888888889,0.14649305,0.19204172
S154,Autobiografia di uno spettatore,44046,1974,0,1,1,1,1,1,1,0,1,0,0.01724137931,0.05172413793,0.3275862069,0.1034482759,0.1724137931,0.05172413793,0,0.275862069,0.25900508,0.12666865
S155,La pompa di benzina,12331,1974,0,0,1,1,1,1,0,0,1,0,0,0.1428571429,0.2857142857,0.1428571429,0.1428571429,0,0,0.2857142857,0.08535695,-0.0734459
S156,La glaciazione,6231,1975,0,0,0,1,1,0,0,0,1,0,0,0,0.5,0.3333333333,0,0,0,0.1666666667,-0.1182107,-0.0499812
S157,L'uomo di Neanderthal,15168,1975,0,0,1,0,0,0,1,1,1,0,0,0.3333333333,0,0,0,0.08333333333,0.1666666667,0.4166666667,0.05414632,0.05062422
S158,Montezuma,20699,1975,0,0,0,1,1,1,1,0,1,0,0,0,0.6086956522,0.08695652174,0.1304347826,0.04347826087,0,0.1304347826,0.03961892,0.21119445
S159,Prima che tu dica «Pronto»,16064,1975,0,0,1,1,1,1,0,1,1,0,0,0.1739130435,0.347826087,0.1304347826,0.08695652174,0,0.08695652174,0.1739130435,0.19238414,-0.120816
S160,La corsa delle giraffe,2780,1975,0,0,1,0,0,1,1,0,1,0,0,0.4285714286,0,0,0.1428571429,0.2857142857,0,0.1428571429,0.03739153,0.14424369
S161,Del mordersi la lingua,3124,1975,0,0,0,1,1,1,1,0,1,0,0,0,0.2727272727,0.2727272727,0.09090909091,0.1818181818,0,0.1818181818,0.03961892,0.21119445
S162,Il fischio del merlo,9784,1975,0,0,1,1,1,1,1,1,1,0,0,0.1081081081,0.2702702703,0.1351351351,0.05405405405,0.1891891892,0.05405405405,0.1891891892,0.27502246,0.12359309
S163,Del prendersela coi giovani,3072,1975,0,0,0,1,1,1,0,0,0,0,0,0,0.25,0.5,0.25,0,0,0,-0.1436574,0.01316894
S164,Lettura di un'onda,8420,1975,1,0,0,1,1,1,1,1,1,0.09523809524,0,0,0.1428571429,0.2857142857,0.04761904762,0.09523809524,0.04761904762,0.2857142857,0.26289474,0.12443714
S165,La pantofola spaiata,2992,1975,0,0,0,1,1,0,0,0,1,0,0,0,0.5714285714,0.2857142857,0,0,0,0.1428571429,-0.1182107,-0.0499812
S166,Un chilo e mezzo di grasso d'oca,4952,1976,0,0,0,0,1,0,1,0,0,0,0,0,0,0.3333333333,0,0.6666666667,0,0,-0.2774425,0.25695851
S167,Altre città,6749,1976,1,0,1,1,0,0,0,0,0,0.3636363636,0,0.09090909091,0.5454545455,0,0,0,0,0,-0.1266003,-0.2454278
S168,Serpenti e teschi,5772,1976,1,0,0,1,1,0,1,0,0,0.1666666667,0,0,0.08333333333,0.3333333333,0,0.4166666667,0,0,-0.0789505,0.15505924
S169,Il richiamo dell'acqua,8736,1976,0,0,1,1,1,0,0,0,0,0,0,0.1666666667,0.5833333333,0.25,0,0,0,0,-0.1205742,-0.0834691
S170,L'aiola di sabbia,5037,1977,0,0,0,1,1,0,1,0,0,0,0,0,0.5714285714,0.2857142857,0,0.1428571429,0,0,-0.1738369,0.22658999
S171,La poubelle agréée,41079,1977,1,0,1,1,1,1,1,1,1,0.08860759494,0,0.1139240506,0.3291139241,0.1392405063,0.1012658228,0.03797468354,0.0253164557,0.164556962,0.40143318,0.06146435
S172,Il seno nudo,5137,1977,0,0,0,0,0,0,1,0,1,0,0,0,0,0,0,0.3333333333,0,0.6666666667,-0.2328461,0.19659554
S173,Il crollo del tempo,8431,1977,0,0,1,1,1,1,0,0,1,0,0,0.1666666667,0.5,0.1666666667,0.08333333333,0,0,0.08333333333,0.08535695,-0.0734459
S175,Lo specchio e il bersaglio,12906,1978,1,1,1,1,1,0,0,1,0,0.06666666667,0.03333333333,0.1333333333,0.5666666667,0.1666666667,0,0,0.03333333333,0,0.18791823,-0.3223318
S176,La coscienza a posto,7552,1980,1,0,1,1,1,0,0,1,1,0.125,0,0.0625,0.125,0.3125,0,0,0.125,0.25,0.22480552,-0.2650227
S177,Quattro favole d'Esopo per Valerio Adami,7490,1980,0,0,1,0,1,0,0,0,0,0,0,0.4,0,0.6,0,0,0,0,-0.2141773,-0.1109488
S178,Il gorilla albino,4684,1980,0,0,0,1,1,0,1,0,1,0,0,0,0.375,0.25,0,0.125,0,0.25,-0.0448437,0.18837245
S179,L'altra euridice,16915,1980,1,1,1,1,0,1,0,1,1,0.125,0.04166666667,0.25,0.2916666667,0,0.08333333333,0,0.04166666667,0.1666666667,0.34725098,-0.3554394
S180,Essere pietra (per Alberto Magnelli),4167,1981,0,0,0,1,1,1,0,0,1,0,0,0,0.5,0.125,0.1875,0,0,0.1875,-0.02799,-0.0145213
S181,Le memorie di Casanova,18849,1981,0,0,1,1,1,1,1,0,1,0,0,0.08,0.44,0.2,0.12,0.04,0,0.12,0.15777942,0.14201062
S182,L'invasione degli storni,9054,1981,1,0,0,1,1,1,1,0,1,0.2631578947,0,0,0.1052631579,0.3684210526,0.05263157895,0.1578947368,0,0.05263157895,0.14276312,0.15110486
S183,Il silenzio e la città,12343,1982,0,0,1,1,1,1,0,0,0,0,0,0.1428571429,0.4285714286,0.2857142857,0.1428571429,0,0,0,-0.0261474,-0.047271
S184,L'occhio e i pianeti,8184,1982,0,0,1,1,1,1,1,0,1,0,0,0.09090909091,0.4090909091,0.2272727273,0.09090909091,0.04545454545,0,0.1363636364,0.15777942,0.14201062
S185,Sapore Sapere,41220,1982,1,0,1,1,1,1,1,1,1,0.1132075472,0,0.2452830189,0.09433962264,0.07547169811,0.03773584906,0.1132075472,0.03773584906,0.2830188679,0.40143318,0.06146435
S186,Il mondo guarda il mondo,3938,1982,0,0,1,1,1,1,0,0,0,0,0,0.1428571429,0.3571428571,0.4285714286,0.07142857143,0,0,0,-0.0261474,-0.047271
S187,La pancia del geco,6400,1982,0,0,0,1,1,1,0,0,1,0,0,0,0.6956521739,0.1304347826,0.1304347826,0,0,0.04347826087,-0.02799,-0.0145213
S188,Quattro studi dal vero,14889,1983,1,0,1,1,1,1,1,0,1,0.2,0,0.15,0.3,0.125,0.075,0.025,0,0.125,0.27093265,0.08739688
S189,Viaggio nelle città di de Chirico,17663,1983,1,1,1,1,1,1,1,1,1,0.1428571429,0.02380952381,0.07142857143,0.380952381,0.04761904762,0.07142857143,0.119047619,0.02380952381,0.119047619,0.53045373,0.03348765
S190,La spada del sole,9267,1983,1,0,1,1,1,1,0,1,1,0.1724137931,0,0.1724137931,0.275862069,0.1724137931,0.06896551724,0,0.03448275862,0.1034482759,0.30949761,-0.2093365
S191,La contemplazione delle stelle,8612,1983,0,0,1,1,1,1,0,0,0,0,0,0.1,0.65,0.2,0.05,0,0,0,-0.0261474,-0.047271
S192,Gli amori delle tartarughe,3998,1983,0,0,0,1,0,1,1,0,0,0,0,0,0.5,0,0.125,0.375,0,0,-0.1675895,0.24728671
S193,Il prato infinito,6978,1983,1,0,1,1,1,1,0,0,1,0.07142857143,0,0.03571428571,0.25,0.1785714286,0.3214285714,0,0,0.1428571429,0.18921293,-0.1544514
S194,Luna di pomeriggio,4615,1983,1,0,1,1,1,0,0,0,0,0.4,0,0.06666666667,0.3333333333,0.2,0,0,0,0,-0.024976,-0.1759158
S195,Dal terrazzo,7605,1983,1,0,1,1,1,0,0,1,1,0.4545454545,0,0.09090909091,0.09090909091,0.09090909091,0,0,0.09090909091,0.1818181818,0.22480552,-0.2650227
S196,Il museo dei formaggi,6229,1983,1,0,1,1,1,0,0,0,0,0.3333333333,0,0.08333333333,0.1666666667,0.4166666667,0,0,0,0,-0.024976,-0.1759158
S198,L'ordine degli squamati,6634,1983,1,1,1,1,1,1,1,0,1,0.1304347826,0.04347826087,0.04347826087,0.3913043478,0.04347826087,0.1304347826,0.1739130435,0,0.04347826087,0.38235789,0.05996841
S199,Il modello dei modelli,6836,1983,0,0,1,1,1,1,1,0,1,0,0,0.1666666667,0.3333333333,0.2777777778,0.05555555556,0.05555555556,0,0.1111111111,0.15777942,0.14201062
S200,L'universo come specchio,7002,1983,0,0,0,1,1,0,0,0,0,0,0,0,0.375,0.625,0,0,0,0,-0.2473579,-0.0245459
S201,Come imparare a essere morto,9295,1983,0,0,1,1,1,1,1,1,1,0,0,0.1666666667,0.08333333333,0.3333333333,0.125,0.04166666667,0.04166666667,0.2083333333,0.27502246,0.12359309
S202,L'ultimo canale,12804,1984,0,0,1,1,1,1,1,1,1,0,0,0.04347826087,0.3913043478,0.1304347826,0.08695652174,0.1304347826,0.04347826087,0.1739130435,0.27502246,0.12359309
S203,Il ricordo è bendato,11582,1984,0,0,0,1,1,1,0,0,1,0,0,0,0.3181818182,0.1363636364,0.2727272727,0,0,0.2727272727,-0.02799,-0.0145213
S204,Un re in ascolto,46528,1984,1,1,0,1,1,1,1,1,1,0.06293706294,0.006993006993,0,0.4615384615,0.2657342657,0.09090909091,0.04895104895,0.01398601399,0.04895104895,0.37868895,0.10285798
S205,Il niente e il poco,15867,1984,1,1,1,1,0,1,0,1,1,0.03846153846,0.03846153846,0.2692307692,0.2307692308,0,0.1153846154,0,0.03846153846,0.2692307692,0.34725098,-0.3554394
S206,L'implosione,9364,1984,1,0,1,1,1,0,1,1,0,0.1111111111,0,0.1111111111,0.5555555556,0.1111111111,0,0.05555555556,0.05555555556,0,0.18324411,0.05676054
V001,Il sentiero dei nidi di ragno,249888,1947,1,0,0,1,1,1,0,0,1,0.01369863014,0,0,0.5068493151,0.3698630137,0.08219178082,0,0,0.02739726027,0.06585691,-0.1010027
V003,Il visconte dimezzato,138103,1952,0,0,0,1,1,1,0,0,1,0,0,0,0.5806451613,0.06451612903,0.1290322581,0,0,0.2258064516,-0.02799,-0.0145213
V005,Il barone rampante,416814,1957,1,1,1,1,1,1,1,0,1,0.01724137931,0.005747126437,0.09195402299,0.3103448276,0.2413793103,0.2068965517,0.02298850575,0,0.1034482759,0.38235789,0.05996841
V008,Il cavaliere inesistente,197268,1959,1,1,1,1,1,1,1,1,1,0.08421052632,0.01052631579,0.2210526316,0.1368421053,0.1789473684,0.1368421053,0.08421052632,0.01052631579,0.1368421053,0.53045373,0.03348765
V009,La giornata di uno scrutatore,121328,1963,1,1,1,1,1,1,1,1,1,0.03271028037,0.02336448598,0.07009345794,0.308411215,0.191588785,0.1775700935,0.04672897196,0.01401869159,0.1355140187,0.53045373,0.03348765
V010,La speculazione edilizia,191068,1963,0,1,1,1,1,1,0,0,1,0,0.01176470588,0.08235294118,0.2352941176,0.2941176471,0.2235294118,0,0,0.1529411765,0.1756178,-0.1300824
V016,Il castello dei destini incrociati,62895,1969,1,1,1,1,1,1,1,1,1,0.02919708029,0.007299270073,0.007299270073,0.1751824818,0.05839416058,0.1313868613,0.3284671533,0.1167883212,0.1459854015,0.53045373,0.03348765
V018,Le città invisibili,146738,1972,1,0,1,1,1,1,1,1,1,0.07874015748,0,0.02362204724,0.2598425197,0.3070866142,0.09448818898,0.157480315,0.0157480315,0.06299212598,0.40143318,0.06146435
V020,Eremita a Parigi,16246,1974,0,0,1,1,1,1,1,0,1,0,0,0.03333333333,0.2,0.3666666667,0.2,0.03333333333,0,0.1666666667,0.15777942,0.14201062
V021,Se una notte d'inverno un viaggiatore,458335,1979,1,1,1,1,1,1,1,1,1,0.01533219761,0.0136286201,0.07666098807,0.4071550256,0.1124361158,0.132879046,0.0800681431,0.02555366269,0.136286201,0.53045373,0.03348765
V000a,max,1000,1985,1,1,1,1,1,1,1,1,1,0,0,0,0,0,0,0,0,0,1,1
V000b,min,1000,1940,1,1,1,1,1,1,1,1,1,0,0,0,0,0,0,0,0,0,-1,-1