ID opera,title,year,lenght,come-dubbio,come-negazione,come-riformulazione,cosa-dubbio,cosa-negazione,cosa-riformulazione,senso-dubbio,senso-negazione,senso-riformulazione,come-dubbio,come-negazione,come-riformulazione,cosa-dubbio,cosa-negazione,cosa-riformulazione,senso-dubbio,senso-negazione,senso-riformulazione,come-dubbio,come-negazione,come-riformulazione,cosa-dubbio,cosa-negazione,cosa-riformulazione,senso-dubbio,senso-negazione,senso-riformulazione,come-dubbio,come-negazione,come-riformulazione,cosa-dubbio,cosa-negazione,cosa-riformulazione,senso-dubbio,senso-negazione,senso-riformulazione,prop_occ_x,prop_occ_y,cont_occ_x,cont_occ_y,cont_e_prop_occ_x,cont_e_prop_occ_y,prop_car_x,prop_car_y,cont_car_x,cont_car_y,cont_e_prop_car_x,cont_e_prop_car_y
S004,Angoscia in caserma,1945,19473,0,0,0.1111111111,0.5,0.1111111111,0,0.1666666667,0,0.1111111111,0,0,2,9,2,0,3,0,2,0,0,8.19,51.26,11.46,0,23.68,0,5.42,0,0,65,407,91,0,188,0,43,-0.0202270858845958,-0.035348823243326,-0.0190223573085556,-0.00634179432128244,0.00553369526828039,-0.0131654938433865,-0.0511560148140813,-0.0332792193232554,-0.0227494167710648,0.00010088843610413,-0.00408536860394167,-0.0241361310129756
S005,Andato al comando,1946,10457,0,0,0,0.6,0,0.2,0.2,0,0,0,0,0,3,0,1,1,0,0,0,0,0,67.73,0,5.98,26.29,0,0,0,0,0,170,0,15,66,0,0,-0.0709058771029474,0.0147846884782088,-0.0353375839144083,-0.00576512732815409,-0.0233499820722053,-0.0347767669595821,-0.0829048276377649,-0.00130551620861494,-0.0303130408658431,-0.000170090364996017,-0.0260040340073027,-0.0348808640726707
S006,Di padre in figlio,1946,8291,0,0,0,0.5,0,0,0,0,0.5,0,0,0,1,0,0,0,0,1,0,0,0,41.06,0,0,0,0,58.94,0,0,0,101,0,0,0,0,145,-0.0262563682838876,-0.0262286832033287,-0.0383478517587394,-0.00338396030327011,-0.0278119589009649,-0.00678508007834943,-0.0148944388410578,-0.0475359328849271,-0.0305951248095738,-6.59116674683867e-05,-0.0142519203776036,0.000628989858444945
S007,Paura sul sentiero,1946,13175,0,0,0,0.7894736842,0.1578947368,0,0,0,0.05263157895,0,0,0,15,3,0,0,0,1,0,0,0,81.85,5.14,0,0,0,13.01,0,0,0,780,49,0,0,0,124,-0.0718254658814957,-0.0318543260384782,-0.0265215327818776,-0.0039629408056141,-0.0195632760016141,-0.035601763757978,-0.0797913043110928,-0.0211426413747503,-0.026003863583415,-0.0004642208839959,-0.0186392691350636,-0.0349734970073618
S009,Uomo nei gerbidi,1946,9042,0,0,0,0,0.75,0,0,0,0.25,0,0,0,0,3,0,0,0,1,0,0,0,0,67.67,0,0,0,32.33,0,0,0,0,203,0,0,0,97,0.0614076450081772,0.0265586829984953,-0.0336165267882461,-0.00354801127806739,-0.0421101633492539,0.0309861959784025,0.0670664071617886,-0.0605498072314668,-0.0279362075575995,-0.000671765807672427,-0.0220902526847878,0.0308215674601251
S010,Campo di mine,1946,9702,0,0,0.08695652174,0.4347826087,0.1739130435,0,0.1304347826,0.08695652174,0.08695652174,0,0,2,10,4,0,3,2,2,0,0,7.97,30.81,31.29,0,13.51,10.01,6.41,0,0,82,317,322,0,139,103,66,0.0159649694615377,-0.0962004711618581,-0.00259010421383695,0.000326461326413305,0.0225461294179107,0.00614915536543488,-0.00849760501816339,-0.0522734302065764,-0.0127305967711416,-0.00436085571296869,0.0101725166255342,-0.00567649285753759
S011,I fratelli Bagnasco,1946,9240,0,0,0,1,0,0,0,0,0,0,0,0,3,0,0,0,0,0,0,0,0,100,0,0,0,0,0,0,0,0,121,0,0,0,0,0,-0.106878567777657,-0.0180735747855006,-0.0388415560355911,-0.00348848858341525,-0.0458181180908825,-0.0418237875625842,-0.113979906032912,0.00406945001032951,-0.0320499191042542,0.000135878330001252,-0.0434406385795908,-0.0471247443783836
S012,Ragionamento del cugino,1946,7490,0,1,0,0,0,0,0,0,0,0,1,0,0,0,0,0,0,0,0,100,0,0,0,0,0,0,0,0,12,0,0,0,0,0,0,0,-0.000608359984762735,0.0754244585811394,-0.0308055036845142,0.000465702499137909,-0.0683873273269331,0.0144543278701275,0.0187953208430845,0.0222871770927347,-0.0312421481005645,-4.48288791549498e-05,-0.0661798221714611,0.0184646160586484
S014,Alba sui rami nudi,1947,13871,0,0,0.07142857143,0.7142857143,0.1428571429,0,0,0,0.07142857143,0,0,1,10,2,0,0,0,1,0,0,1.79,74.89,20.63,0,0,0,2.69,0,0,12,501,138,0,0,0,18,-0.0531347604748643,-0.0377736521551989,-0.0281235993839786,-0.0015663425509186,-0.0121950221289571,-0.025704800035143,-0.0846925472009394,-0.0179265861923093,-0.0266493443611498,-0.000652059202618064,-0.0199016588091848,-0.041721917326448
S015,Come non fui Noè (Buon a nulla),1947,9027,0,0,0.1111111111,0.4444444444,0.1111111111,0.2222222222,0,0,0.1111111111,0,0,1,4,1,2,0,0,1,0,0,21.91,25.53,24.68,23.62,0,0,4.26,0,0,103,120,116,111,0,0,20,-0.0134942273945871,-0.000781011746214097,-0.0297884359517445,-0.0011807126696407,0.000681670978415692,-0.0119467823188874,0.0106463450561002,0.0171323280735749,-0.0246585413191469,0.00202086173879042,-0.00458959603176497,0.000771516962360755
S016,Ultimo viene il corvo,1947,10809,0,0,0,0.75,0.2,0,0.05,0,0,0,0,0,15,4,0,1,0,0,0,0,0,63.61,27.13,0,9.26,0,0,0,0,0,680,290,0,99,0,0,-0.0745305521448898,-0.0275548411607278,-0.0242366774929686,-0.00678704286005564,-0.0190745873923061,-0.0396127525449686,-0.0785445722746236,-0.0213116434056868,-0.0216205074874523,-0.00142491952296073,-0.0131185671048671,-0.0431083646715765
S017,Visti alla mensa,1947,8658,0,0,0,0.5,0.5,0,0,0,0,0,0,0,1,1,0,0,0,0,0,0,0,51.56,48.44,0,0,0,0,0,0,0,33,31,0,0,0,0,-0.0555025916218001,-0.0207019425560627,-0.0380822204593211,-0.00363207244919708,-0.0313628063599486,-0.0293346422467325,-0.0713513873358281,-0.0206952842480253,-0.0320027092292001,6.05038470547334e-05,-0.0254664360889129,-0.0394941661648438
S018,L'occhio del padrone,1947,10063,0,0,0,1,0,0,0,0,0,0,0,0,1,0,0,0,0,0,0,0,0,100,0,0,0,0,0,0,0,0,16,0,0,0,0,0,-0.106878567777657,-0.0180735747855005,-0.0398191068344966,-0.00364140759477095,-0.0465050987778503,-0.041517265948353,-0.113979906032912,0.00406945001032949,-0.032680588444881,0.000197865070920981,-0.0438817226187647,-0.0469253928302659
S019,Come un volo d'anitre,1947,11326,0,0,0,1,0,0,0,0,0,0,0,0,2,0,0,0,0,0,0,0,0,100,0,0,0,0,0,0,0,0,23,0,0,0,0,0,-0.106878567777657,-0.0180735747855006,-0.0393309757758981,-0.0035630141977701,-0.0461652254142194,-0.0416474087260175,-0.113979906032912,0.00406945001032951,-0.0326386465491003,0.000192788314525089,-0.0438544383066234,-0.0469355937246648
S020,La fame a Bévera,1947,11391,0,0,0,1,0,0,0,0,0,0,0,0,2,0,0,0,0,0,0,0,0,100,0,0,0,0,0,0,0,0,34,0,0,0,0,0,-0.106878567777657,-0.0180735747855006,-0.0393309757758981,-0.00356301419777009,-0.0461652254142194,-0.0416474087260175,-0.113979906032912,0.00406945001032951,-0.0325726905978134,0.000184846947312573,-0.0438107498476709,-0.0469532529205228
S021,Furto in una pasticceria,1947,14106,0,0,0,0.6,0.2,0,0.2,0,0,0,0,0,3,1,0,1,0,0,0,0,0,37.55,27.07,0,35.37,0,0,0,0,0,86,62,0,81,0,0,-0.0620776755984805,-0.0237512932268831,-0.0350888120739695,-0.00591463143109189,-0.0209039923684182,-0.0315789770024858,-0.0430739685104617,-0.0292841056703425,-0.0296327642660639,-0.000426091285449159,-0.0136087982199746,-0.0239189179082611
S022,Un bastimento carico di granchi,1947,9906,0,0,0,0.5,0,0.5,0,0,0,0,0,0,1,0,1,0,0,0,0,0,0,62.7,0,37.3,0,0,0,0,0,0,158,0,94,0,0,0,-0.0716559827352758,0.0550889815245974,-0.0383316483760868,-0.00347060531326641,-0.0359715918479412,-0.0337480888782149,-0.0664761357063575,0.0748880279484138,-0.0303178256558275,3.04438759276013e-06,-0.0312414622741791,-0.032545619450129
S023,I figli poltroni,1948,9860,0,0,0,0.6666666667,0,0,0.3333333333,0,0,0,0,0,2,0,0,1,0,0,0,0,0,39.09,0,0,60.91,0,0,0,0,0,95,0,0,148,0,0,-0.085904858871521,-0.0132283526914771,-0.0373039107693559,-0.00601727202278111,-0.0345469597771155,-0.0347045956858495,-0.0558712035124063,-0.0143601586497711,-0.0295184410751697,-0.000504607262377949,-0.02905199898612,-0.0220746275329555
S024,Il giardino incantato,1948,8487,0,0,0,1,0,0,0,0,0,0,0,0,3,0,0,0,0,0,0,0,0,100,0,0,0,0,0,0,0,0,293,0,0,0,0,0,-0.106878567777657,-0.0180735747855006,-0.0388415560355911,-0.00348848858341528,-0.0458181180908824,-0.0418237875625842,-0.113979906032912,0.0040694500103295,-0.0310171522263845,7.1240855749492e-05,-0.0426924904908848,-0.0475783647938364
S026,Il bosco degli animali,1948,15495,0,0,0,0,0,1,0,0,0,0,0,0,0,0,2,0,0,0,0,0,0,0,0,100,0,0,0,0,0,0,0,0,223,0,0,0,0.000971214914684417,0.163790421161898,-0.0373293469857473,-0.00348202958356028,-0.0682138340416676,0.0076444756122344,0.0550391676228371,0.149986743679571,-0.0291915146442598,3.55025297198508e-05,-0.0578649341992897,0.0260673614173507
S027,Si dorme come cani,1948,12910,0,0,0,1,0,0,0,0,0,0,0,0,1,0,0,0,0,0,0,0,0,100,0,0,0,0,0,0,0,0,42,0,0,0,0,0,-0.106878567777657,-0.0180735747855006,-0.0398191068344966,-0.00364140759477096,-0.0465050987778503,-0.0415172659483531,-0.113979906032912,0.00406945001032948,-0.0325246712774528,0.000179264197947649,-0.0437784033621092,-0.0469686535146486
S028,Com'era grande il mare,1948,3554,0,0,0,1,0,0,0,0,0,0,0,0,5,0,0,0,0,0,0,0,0,100,0,0,0,0,0,0,0,0,315,0,0,0,0,0,-0.106878567777657,-0.0180735747855006,-0.0378601223399342,-0.00336260025579479,-0.0451181988953885,-0.0421962421560663,-0.113979906032912,0.00406945001032948,-0.0308859123619679,5.33973518957847e-05,-0.0425996021557414,-0.0476430018174257
S029,Il gatto e il poliziotto,1948,12933,0,0,0,0.7857142857,0.1428571429,0,0.07142857143,0,0,0,0,0,11,2,0,1,0,0,0,0,0,92.52,1.63,0,5.86,0,0,0,0,0,853,15,0,54,0,0,-0.0780060005488602,-0.02783603578827,-0.0295200427461401,-0.006070898861826,-0.0218372154926695,-0.0387389430214004,-0.106231853806266,-0.0029638838931355,-0.0265841756427566,-0.000365653274323913,-0.0323509849918649,-0.0476320833744073
S030,Pranzo con un pastore,1948,14313,0,0,0,0.25,0.25,0.25,0.1666666667,0,0.08333333333,0,0,0,3,3,3,2,0,1,0,0,0,20.12,19.63,17.97,34.38,0,7.91,0,0,0,206,201,184,352,0,81,0.00708102725748604,0.0265200137800579,-0.0238386254536165,-0.00833042368397358,-0.00308846398132592,-0.00420316615255757,0.0176086520926603,0.00169975007755202,-0.0177209306475494,-0.00274748602112535,0.00331112693414059,0.00516831559454787
S031,Voglia di mare,1948,5327,0,0,0,0,1,0,0,0,0,0,0,0,0,1,0,0,0,0,0,0,0,0,100,0,0,0,0,0,0,0,0,50,0,0,0,0,0.0158858248637972,0.0495382842488722,-0.0385673747068938,-0.00370861793108021,-0.0635541263112321,0.0100732940679786,0.0221194631539799,-0.0165184569556443,-0.0318464322107991,9.81885602485229e-06,-0.0508629744385622,0.00601223743797528
S033,Chi ha messo la mina nel mare?,1948,10473,0,0,0,0,0,1,0,0,0,0,0,0,0,0,2,0,0,0,0,0,0,0,0,100,0,0,0,0,0,0,0,0,238,0,0,0,0.0009712149146844,0.163790421161898,-0.0373293469857473,-0.00348202958356028,-0.0682138340416676,0.0076444756122344,0.0550391676228372,0.149986743679571,-0.0289509547790745,2.75097872149664e-05,-0.0576979308294589,0.0261275440189578
S035,Freddo a Napoli,1949,8005,0,0,0,0.75,0.25,0,0,0,0,0,0,0,3,1,0,0,0,0,0,0,0,21.15,78.85,0,0,0,0,0,0,0,44,164,0,0,0,0,-0.0761436740797842,-0.0264244967886991,-0.0371073250702025,-0.00347752268331636,-0.0310358233516574,-0.0362196713929689,-0.0171022208734576,-0.0233742168717656,-0.0294522968949481,-0.000464411125806133,-0.0297670184957906,-0.0135231529568342
S036,Lasciare Anna,1949,9089,0.1,0,0,0.5,0.4,0,0,0,0,1,0,0,5,4,0,0,0,0,3.66,0,0,72.63,23.71,0,0,0,0,17,0,0,337,110,0,0,0,0,-0.0471649495478202,-0.0353854465202505,-0.0249309351501691,-0.00226603217382777,-0.0179790010471077,-0.0232890304081328,-0.0902203909549467,-0.0166090150078072,-0.0258852881702041,-0.000814399632765774,-0.0225729069124315,-0.044738243075045
S037,"Un pomeriggio, Adamo",1949,16625,0,0,0,0.5,0.1666666667,0,0.3333333333,0,0,0,0,0,3,1,0,2,0,0,0,0,0,54.21,16.32,0,29.47,0,0,0,0,0,103,31,0,56,0,0,-0.0545381634263113,-0.0182233438293816,-0.0331074403961671,-0.00875112125202622,-0.0189859569782408,-0.0282829884840842,-0.0693286086939707,-0.0239346371478544,-0.0305624313953586,-0.000205769631459803,-0.0182821451882337,-0.0325689563529802
S038,La casa degli alveari,1949,7418,0,0,0,0.25,0.625,0,0,0.125,0,0,0,0,2,5,0,0,1,0,0,0,0,6.27,78.06,0,0,15.67,0,0,0,0,22,274,0,0,55,0,0.0362880320464292,-0.0772329973165232,-0.0242094121955426,0.000109486067895699,-0.0269952061626738,0.0202024259530529,0.0269845962800724,-0.0392987335117038,-0.0241067671448663,-0.00309041808611938,-0.0347552104973263,0.0127582086322031
S039,La stessa cosa del sangue,1949,12987,0,0,0,0.3,0.1,0.2,0.4,0,0,0,0,0,3,1,2,4,0,0,0,0,0,15.69,12.94,17.25,54.12,0,0,0,0,0,40,33,44,138,0,0,-0.0195167442987425,0.0302653384219623,-0.0263020204191989,-0.0142346037343955,-0.0116359256395646,-0.01430353373911,0.0169051387918646,0.0153878372864375,-0.0287134393367949,-0.000620435817585921,-0.01682223607841,0.00781385795464225
S040,Attesa della morte in un albergo,1949,15582,0,0,0,0.6666666667,0,0.3333333333,0,0,0,0,0,0,4,0,2,0,0,0,0,0,0,65.93,0,34.07,0,0,0,0,0,0,327,0,169,0,0,0,-0.0853584663114227,0.0331823305430138,-0.0353866928123487,-0.00318831474246597,-0.0337761572131172,-0.0392848806207684,-0.0701924128613623,0.0701390801022734,-0.0281050824114763,-0.000111057383593449,-0.0297399676934862,-0.034249123014681
S041,Uno dei tre è ancora vivo,1949,14887,0,0,0,0.7692307692,0.07692307692,0.1538461538,0,0,0,0,0,0,10,1,2,0,0,0,0,0,0,67.85,18.83,13.32,0,0,0,0,0,0,382,106,75,0,0,0,-0.0790709518709181,-0.00227094205559853,-0.0307974713690504,-0.00332061102341133,-0.0222323004121972,-0.0391905773898654,-0.072178145579669,0.0133594259035788,-0.0273229862684325,-0.000525225971531698,-0.0149119286229248,-0.0388367892439692
S042,L'avventura di un soldato,1949,19767,0,0.01754385965,0.01754385965,0.4210526316,0.2456140351,0.0350877193,0.08771929825,0.05263157895,0.1228070175,0,1,1,24,14,2,5,3,7,0,0.62,0.98,21.87,33.58,5.95,9.79,7.91,19.3,0,27,43,956,1468,260,428,346,844,0.0111352066958758,-0.0679420078532268,0.0465047206363904,-0.0102244623894442,0.054795287855541,-0.00905373590621011,0.0250967205955422,-0.0479117898952944,0.0436040994202687,-0.0106479586490082,0.0523900596809952,0.00834813340112222
S043,Desiderio in novembre,1949,14101,0,0,0,0,0,1,0,0,0,0,0,0,0,0,1,0,0,0,0,0,0,0,0,100,0,0,0,0,0,0,0,0,97,0,0,0,0.000971214914684388,0.163790421161898,-0.0388164716428507,-0.00354555246988046,-0.0693199016899898,0.00767418679958543,0.0550391676228372,0.149986743679571,-0.0312153208898281,8.99453711047899e-05,-0.0593286370343942,0.0255171637300405
S044,Lettera ad Amelia sui dischi volanti,1950,7633,0,0,0,0.4444444444,0.4444444444,0,0.1111111111,0,0,0,0,0,4,4,0,1,0,0,0,0,0,60.96,31.02,0,8.02,0,0,0,0,0,456,232,0,60,0,0,-0.0409341679942056,-0.0190902053206537,-0.0294028112260328,-0.00610191489589724,-0.0183135257746663,-0.0259697035599265,-0.0762853172743403,-0.0217894328881714,-0.0246635827370603,-0.00107820543002722,-0.0146950946237458,-0.0420349045918827
S045,Storia del soldato che portò il cannone a casa,1950,11610,0,0,0,0.75,0,0.25,0,0,0,0,0,0,3,0,1,0,0,0,0,0,0,73.75,0,26.25,0,0,0,0,0,0,59,0,21,0,0,0,-0.0888953478720008,0.0210445666732816,-0.0373571884403059,-0.0033195478022598,-0.0344513078445478,-0.040122752996252,-0.0781730683091203,0.057108328897927,-0.0320849404787036,0.000134099615033542,-0.0319002818965422,-0.0366525754636154
S046,"Pesci grossi, pesci piccoli",1950,16862,0,0,0,0.3333333333,0.6666666667,0,0,0,0,0,0,0,1,2,0,0,0,0,0,0,0,65.77,34.23,0,0,0,0,0,0,0,196,102,0,0,0,0,-0.029886910334184,-0.0087409496006289,-0.036335482570688,-0.00365334441829473,-0.0327691423205683,-0.0164977036464457,-0.0843223647330813,-0.0171368050045015,-0.0297021087909605,-0.000295142891383449,-0.0246678954880961,-0.0438483345642378
S047,Cimitero di biciclette,1950,12416,0,0,0.2,0,0.2,0.4,0.2,0,0,0,0,1,0,1,2,1,0,0,0,0,23.81,0,31.97,18.37,25.85,0,0,0,0,35,0,47,27,38,0,0,0.0470761413294575,0.0874775651970019,-0.0311536391883665,-0.00409911605129751,-0.02921859368625,0.0219872983100027,0.0597275351871808,0.00580624256557644,-0.0296455184216585,0.000418100508883299,-0.0212418408030756,0.0255735401112714
S048,Mai nessuno degli uomini lo seppe,1950,15006,0,0,0,0.4,0,0.4,0,0,0.2,0,0,0,2,0,2,0,0,1,0,0,0,20,0,60,0,0,20,0,0,0,38,0,114,0,0,38,-0.0189304783901285,0.0375869209053706,-0.034899765341859,-0.00307815309148781,-0.0177447855141801,-0.0106189592525523,0.0402852829582018,0.0754856106244091,-0.0303044666106635,-5.08516345596049e-07,-0.0166628556492995,0.0180551781333802
S049,Il reggimento smarrito,1951,10193,0,0,0.5,0,0,0.25,0,0,0.25,0,0,2,0,0,1,0,0,1,0,0,46.09,0,0,10.72,0,0,43.19,0,0,159,0,0,37,0,0,149,0.0853742184058169,0.0754913417325574,-0.0327192576320312,0.00116696393830057,-0.0336914072583871,0.0490427965606964,0.0993643487507943,-0.0231648381764513,-0.0255627720153,0.00410381388984939,-0.019777363396836,0.0597177473413033
S050,L'avventura di una bagnante,1951,21333,0,0,0,0.3870967742,0.1935483871,0.3870967742,0.03225806452,0,0,0,0,0,12,6,12,1,0,0,0,0,0,47.1,23.18,27.66,2.06,0,0,0,0,0,1209,595,710,53,0,0,-0.0363207766617258,0.0368591697531577,-0.00659119302965305,-0.0267722149650946,-0.00254426000524529,-0.0337303948504465,-0.0426442541632095,0.0369429097343195,-0.00320112245171184,-0.00249922590171462,0.00255079691584937,-0.0348216266021913
S051,Un compagno venuto da lontano,1952,8251,0,0,0.2,0.2,0,0,0.6,0,0,0,0,1,1,0,0,3,0,0,0,0,13.24,38.33,0,0,48.43,0,0,0,0,38,110,0,0,139,0,0,0.0141180934371965,0.016711106577693,-0.0313746755121592,-0.00986209100103461,-0.0309504245814424,0.0165347994695918,-0.0413625197868741,-0.023590412990856,-0.0283652920121076,0.000200823527265573,-0.021996238762268,-0.0139075363031577
S052,Un bel gioco dura poco,1952,11940,0,0,0,0,0,1,0,0,0,0,0,0,0,0,1,0,0,0,0,0,0,0,0,100,0,0,0,0,0,0,0,0,42,0,0,0,0.000971214914684358,0.163790421161898,-0.0388164716428507,-0.00354555246988047,-0.0693199016899899,0.00767418679958543,0.0550391676228372,0.149986743679571,-0.0321005376016965,0.000143456068128384,-0.0599994041767615,0.0252929254583594
S053,Funghi in città,1952,6506,0,0,0,0.5,0.5,0,0,0,0,0,0,0,1,1,0,0,0,0,0,0,0,87.66,12.34,0,0,0,0,0,0,0,135,19,0,0,0,0,-0.0555025916218001,-0.0207019425560627,-0.0380822204593211,-0.00363207244919708,-0.0313628063599486,-0.0293346422467325,-0.100679828490698,-0.00737579038280581,-0.0316134206945201,5.36466892583291e-05,-0.0311584437221167,-0.0453683372647227
S054,La formica argentina,1952,71831,0,0.04761904762,0.04761904762,0.5238095238,0.09523809524,0.1666666667,0.04761904762,0,0.07142857143,0,2,2,22,4,7,2,0,3,0,5.17,1.34,38.78,4.63,36.36,4.8,0,8.92,0,154,40,1156,138,1084,143,0,266,-0.0346234754175519,-0.00886813682744549,0.0156128225841767,-0.00124964402356902,0.0236377079260491,-0.032568930562001,-0.0149442213244703,0.0483165458745605,0.014381252031776,0.00779914471967462,0.0174499535072303,-0.0182110972647735
S056,La pietanziera,1952,7069,0,0,0,0,0,0,1,0,0,0,0,0,0,0,0,2,0,0,0,0,0,0,0,0,100,0,0,0,0,0,0,0,0,124,0,0,0.00874515909600503,0.0790807035015935,-0.036278440740156,-0.00903534952527502,-0.0649202587926737,0.0157034838018152,0.0285323480811641,-0.0017724041863982,-0.0305183157471733,-0.000320122642162931,-0.0569032695425783,0.0237899441418109
S057,Gli occhi del nemico,1952,7070,0,0,0,0.6666666667,0.3333333333,0,0,0,0,0,0,0,2,1,0,0,0,0,0,0,0,43.86,56.14,0,0,0,0,0,0,0,50,64,0,0,0,0,-0.06918380550901,-0.0254469471683422,-0.0375954299350348,-0.00355298377159349,-0.0313044657189864,-0.0340609523277418,-0.0611270935501952,-0.0218986757625173,-0.0312859371520098,-8.12687240887131e-05,-0.0244637816681073,-0.0358300121987272
S058,La fabbrica occupata,1952,7735,0,0,0,0,1,0,0,0,0,0,0,0,0,1,0,0,0,0,0,0,0,0,100,0,0,0,0,0,0,0,0,66,0,0,0,0,0.0158858248637972,0.0495382842488722,-0.0385673747068938,-0.00370861793108022,-0.0635541263112321,0.0100732940679786,0.0221194631539799,-0.0165184569556443,-0.0315478530929699,-5.31312566356048e-05,-0.0506353977523693,0.00598440159585574
S059,La ragazza licenziata,1952,7919,0,0,0.5,0,0,0,0.5,0,0,0,0,1,0,0,0,1,0,0,0,0,38.54,0,0,0,61.46,0,0,0,0,37,0,0,0,59,0,0,0.0523080037528693,0.0616183819880628,-0.0358207940926199,-0.00432649946402004,-0.0535464673094116,0.0384314304231634,0.050541367561048,-0.0175785656543698,-0.03050320387585,0.000616980731404425,-0.0499165588074504,0.037451545604
S060,Le disgrazie di un paese,1953,6734,0,0,0,1,0,0,0,0,0,0,0,0,1,0,0,0,0,0,0,0,0,100,0,0,0,0,0,0,0,0,59,0,0,0,0,0,-0.106878567777657,-0.0180735747855006,-0.0398191068344966,-0.00364140759477096,-0.0465050987778503,-0.0415172659483531,-0.113979906032912,0.00406945001032949,-0.0324225080955089,0.000167445221393549,-0.043707790128395,-0.0470015475711539
S063,La storia di Kim-Ghi-U,1953,10989,0,0,0,0,0,1,0,0,0,0,0,0,0,0,1,0,0,0,0,0,0,0,0,100,0,0,0,0,0,0,0,0,52,0,0,0,0.000971214914684359,0.163790421161898,-0.0388164716428507,-0.00354555246988046,-0.0693199016899898,0.00767418679958542,0.0550391676228372,0.149986743679571,-0.0319393486556895,0.000127856831681933,-0.0598772593187445,0.0253389800903345
S064,Paese infido,1953,17761,0.6666666667,0,0,0.3333333333,0,0,0,0,0,2,0,0,1,0,0,0,0,0,69.44,0,0,30.56,0,0,0,0,0,25,0,0,11,0,0,0,0,0,-0.0432762586061005,-0.0308565671554571,-0.0278076415849712,-0.00100954516440902,-0.0421569652027255,-0.00409085426161919,-0.0665936181941299,-0.000726761982741597,-0.0285643069459233,-0.000598858366751019,-0.0499868835967326,-0.0263625033733157
S065,Gli avanguardisti a Mentone,1953,51188,0.0487804878,0,0.0243902439,0.6585365854,0.07317073171,0.09756097561,0.0487804878,0,0.0487804878,2,0,1,27,3,4,2,0,2,1.49,0,5.18,55.54,8.62,7.9,11.69,0,9.59,29,0,101,1083,168,154,228,0,187,-0.0528831768824308,-0.0251799366997529,0.00366602082164892,-0.0102234869282923,0.0111189558501969,-0.0319437470373082,-0.0453625610181747,-0.0177946791279229,-0.00699650952365823,-0.00111942123569551,0.0124037182003269,-0.0252626827854761
S066,L'aria buona,1953,7594,0,0,0,1,0,0,0,0,0,0,0,0,1,0,0,0,0,0,0,0,0,100,0,0,0,0,0,0,0,0,7,0,0,0,0,0,-0.106878567777657,-0.0180735747855006,-0.0398191068344966,-0.00364140759477096,-0.0465050987778503,-0.0415172659483531,-0.113979906032912,0.00406945001032946,-0.0327345300575914,0.000204642391180978,-0.0439167253124212,-0.0469134148750825
S067,L'entrata in guerra,1949,27190,0,0,0,0.5,0.25,0.25,0,0,0,0,0,0,6,3,3,0,0,0,0,0,0,49.17,22.92,27.91,0,0,0,0,0,0,296,138,168,0,0,0,-0.0501747106449916,0.0137726042295005,-0.027798364761412,-0.00327689176694249,-0.0149415969524788,-0.0317446106203535,-0.0464036808743049,0.0389778955035083,-0.0257481099977177,-0.000635614050299526,-0.0124270100947023,-0.0298835489204401
S068,L'avventura di un impiegato,1953,17132,0,0,0,0.4736842105,0.1578947368,0.1578947368,0,0.05263157895,0.1578947368,0,0,0,9,3,3,0,1,3,0,0,0,38.62,15.53,18.41,0,12.25,15.19,0,0,0,577,232,275,0,183,227,-0.000664474449162205,-0.0495254763331519,-0.0155636054256679,0.00166986365056377,0.0155271174620541,-0.00469190896334102,-0.00910732045615082,-0.0058915908073487,-0.00723134795108949,-0.00972606312189132,0.0182129001181878,-0.00696754297354516
S070,Il generale in biblioteca,1953,10429,0,0,0,0,0,1,0,0,0,0,0,0,0,0,1,0,0,0,0,0,0,0,0,100,0,0,0,0,0,0,0,0,31,0,0,0,0.000971214914684352,0.163790421161898,-0.0388164716428507,-0.00354555246988046,-0.0693199016899898,0.00767418679958543,0.0550391676228372,0.149986743679571,-0.0322776855196467,0.000160833260229033,-0.0601323208290337,0.0252414060503966
S071,La fabbrica nella montagna,1954,10615,0,0,0,0,0,1,0,0,0,0,0,0,0,0,1,0,0,0,0,0,0,0,0,100,0,0,0,0,0,0,0,0,52,0,0,0,0.000971214914684355,0.163790421161898,-0.0388164716428507,-0.00354555246988047,-0.0693199016899898,0.00767418679958543,0.0550391676228372,0.149986743679571,-0.0319393486556895,0.000127856831681932,-0.0598772593187444,0.0253389800903345
S072,Le notti dell'UNPA,1954,39484,0,0.07692307692,0,0.4615384615,0.1538461538,0.2307692308,0,0,0.07692307692,0,1,0,6,2,3,0,0,1,0,2.38,0,34.5,8.27,47.69,0,0,7.15,0,15,0,217,52,300,0,0,45,-0.0344229206928054,0.00631311850945685,-0.0186920666432416,0.00101397408126226,-0.00046654275023414,-0.0248662023564597,-0.00961213670902367,0.0667884388205923,-0.0233855320292024,-0.000306414264142186,-0.00920404878626806,-0.0103757559245207
S073,La bomba addormentata nel bosco,1954,8394,0,0,0,0.3333333333,0.3333333333,0.3333333333,0,0,0,0,0,0,1,1,1,0,0,0,0,0,0,55.79,2.11,42.11,0,0,0,0,0,0,53,2,40,0,0,0,-0.0250966212076279,0.0358133162173269,-0.0365999490933995,-0.00345899552828831,-0.0235101055021937,-0.018202940991009,-0.0568588358648289,0.0784229403465231,-0.0317782409563476,9.99220359242303e-05,-0.0298411869135777,-0.0291751582128076
S074,Libertà! Libertà!,1954,4546,0,0,0,0,0,0,0,0,1,0,0,0,0,0,0,0,0,1,0,0,0,0,0,0,0,0,100,0,0,0,0,0,0,0,0,75,0.0630311588291357,0.051162749242121,-0.0388324401383816,-0.0034582235836859,-0.0584711888636449,0.0417512101958041,0.0816035613783548,-0.0440831205774375,-0.0319618762432325,0.000105965535132541,-0.0396828726285439,0.0509405825736343
S075,I mozzatori di nasi,1954,3962,0,0,0,0,0,1,0,0,0,0,0,0,0,0,2,0,0,0,0,0,0,0,0,100,0,0,0,0,0,0,0,0,195,0,0,0,0.000971214914684343,0.163790421161898,-0.0373293469857473,-0.00348202958356029,-0.0682138340416676,0.00764447561223441,0.0550391676228372,0.149986743679571,-0.0296408954094902,4.90273191451418e-05,-0.0581792244414224,0.0259503722565642
S077,Il dittatore,1954,4114,0,0,0,1,0,0,0,0,0,0,0,0,6,0,0,0,0,0,0,0,0,100,0,0,0,0,0,0,0,0,397,0,0,0,0,0,-0.106878567777657,-0.0180735747855006,-0.0373749988049937,-0.00335082696341119,-0.0447729174885465,-0.0423961989345131,-0.113979906032912,0.00406945001032946,-0.0304051872599564,4.71924693615605e-06,-0.0422609203716496,-0.0478943073688914
S078,Lo jus primae noctis,1954,7027,0,0,0,0,0,0,1,0,0,0,0,0,0,0,0,1,0,0,0,0,0,0,0,0,100,0,0,0,0,0,0,0,0,125,0,0,0.00874515909600502,0.0790807035015935,-0.0382741737172283,-0.00617787572777041,-0.0663261899747422,0.0161044646307024,0.0285323480811641,-0.0017724041863982,-0.0305002943681491,-0.000325139885184696,-0.0568902762218249,0.023791479760128
S079,L'adultera,1954,6306,0,0,0,0,0,0,0,0,1,0,0,0,0,0,0,0,0,1,0,0,0,0,0,0,0,0,100,0,0,0,0,0,0,0,0,106,0.0630311588291357,0.051162749242121,-0.0388324401383816,-0.0034582235836859,-0.0584711888636449,0.0417512101958041,0.0816035613783548,-0.0440831205774376,-0.031624273255271,6.12419097598623e-05,-0.0394036782581067,0.0511217811588904
S080,La lente d'ingrandimento,1954,4042,0,0,0,0,0,0,0,0,1,0,0,0,0,0,0,0,0,1,0,0,0,0,0,0,0,0,100,0,0,0,0,0,0,0,0,89,0.0630311588291357,0.051162749242121,-0.0388324401383816,-0.0034582235836859,-0.0584711888636449,0.0417512101958041,0.0816035613783548,-0.0440831205774375,-0.0318093966677203,8.68001909888022e-05,-0.03955722565618,0.051026673972162
S081,I Marziani,1954,4019,0,0,0.375,0,0.25,0.25,0.125,0,0,0,0,3,0,2,2,1,0,0,0,0,16.16,0,50.7,20.06,13.09,0,0,0,0,58,0,182,72,47,0,0,0.0565930796650593,0.0670101685758166,-0.0250839370688938,0.00111700408753603,-0.0245176794458654,0.0269843910171693,0.0557597503619065,0.0115229753901412,-0.0255256388290786,0.000447402520074852,-0.0205787780159354,0.0204000176663297
S082,La domenica delle follie,1954,6485,0,0,0,0.75,0.25,0,0,0,0,0,0,0,3,1,0,0,0,0,0,0,0,77.31,22.69,0,0,0,0,0,0,0,276,81,0,0,0,0,-0.0761436740797842,-0.0264244967886992,-0.0371073250702026,-0.00347752268331636,-0.0310358233516574,-0.0362196713929689,-0.0925294207430659,-0.01331962853648,-0.0296140910602594,-0.000242970796699144,-0.0262731389210114,-0.0449574847257298
S083,Il coniglio velenoso,1954,16872,0,0,0,0.6,0.2,0,0,0,0.2,0,0,0,3,1,0,0,0,1,0,0,0,70.29,12.55,0,0,0,17.15,0,0,0,168,30,0,0,0,41,-0.0346561546297418,-0.0374059949125568,-0.03564410690308,-0.00322099506394268,-0.0149521483557415,-0.0174377827810237,-0.0643068142196714,-0.0314779448421483,-0.0307677581908341,-5.89128526924183e-05,-0.0113174435535364,-0.0290135081937301
S084,L'avventura di un fotografo,1955,26301,0,0,0.04166666667,0.04166666667,0.2083333333,0.4166666667,0.04166666667,0.04166666667,0.2083333333,0,0,1,1,5,10,1,1,5,0,0,2.66,0.71,21.03,41.72,1.38,8.64,23.87,0,0,56,15,443,879,29,182,503,0.0868617230702299,0.0434263115583299,0.000362124135141071,-0.0128754994801515,0.010726110837075,0.0408631930469244,0.0896363123900575,0.0340795346493284,0.00766977954591766,-0.00910969343425723,0.0156002526813367,0.0473434494480073
S086,Luna e Gnac,1957,10513,0,0,0,0.3333333333,0,0,0,0,0.6666666667,0,0,0,1,0,0,0,0,2,0,0,0,40.8,0,0,0,0,59.2,0,0,0,71,0,0,0,0,103,0.00416940364167741,-0.0112930681774456,-0.0368664410120125,-0.0031040976872837,-0.02892251001458,0.00897677832794597,-0.014369965068293,-0.0475747957489836,-0.0312320191804377,1.48365596775073e-05,-0.0146661205874881,0.000785129371024738
S089,Dialogo sul satellite,1958,8266,0,0,0,0,1,0,0,0,0,0,0,0,0,1,0,0,0,0,0,0,0,0,100,0,0,0,0,0,0,0,0,258,0,0,0,0,0.0158858248637972,0.0495382842488722,-0.0385673747068938,-0.00370861793108022,-0.0635541263112321,0.0100732940679786,0.0221194631539799,-0.0165184569556444,-0.0279551297072373,-0.000676776464635541,-0.0478749128005179,0.00596316951370029
S090,Monologo notturno d'un nobile scozzese,1958,7421,0,0,0,0.4,0.2,0.2,0,0,0.2,0,0,0,2,1,1,0,0,1,0,0,0,65.83,4.63,24.71,0,0,4.83,0,0,0,341,24,128,0,0,25,-0.00644414777857164,0.000110200939650992,-0.0346546655925012,-0.00312664937923917,-0.00446414072539398,-0.00972984544136853,-0.0618846112411751,0.0403916407773448,-0.027966621806142,-0.000239859580734579,-0.0184803875674151,-0.031140069046301
S091,Una bella giornata di marzo,1958,6351,0,0,0,0.5217391304,0.347826087,0.04347826087,0.04347826087,0,0.04347826087,0,0,0,12,8,1,1,0,1,0,0,0,62.24,27.13,2.25,4.59,0,3.78,0,0,0,773,337,28,57,0,47,-0.0418499855649777,-0.0225171499065128,-0.016091680897155,-0.00806470752058214,-0.00552802688854508,-0.0300397509011952,-0.0699359450329145,-0.0198080993141065,-0.0200512162273135,-0.00151169691484186,-0.00841382128100768,-0.0396511452339356
S092,La gallina di reparto,1958,17022,0,0,0.125,0.125,0.125,0.5,0.125,0,0,0,0,1,1,1,4,1,0,0,0,0,1.4,9.4,6.48,79.29,3.43,0,0,0,0,11,74,51,624,27,0,0,0.0237459742856705,0.0747668020893348,-0.0278305218764822,-0.00462050538623712,-0.0194401128878578,0.0109461960915954,0.0408821008001064,0.113358208482312,-0.0209274813815965,-0.000281893091455945,-0.030694761817221,0.0170034250901838
S093,La notte dei numeri,1958,21230,0,0,0,0.6666666667,0.3333333333,0,0,0,0,0,0,0,2,1,0,0,0,0,0,0,0,25.48,74.52,0,0,0,0,0,0,0,53,155,0,0,0,0,-0.06918380550901,-0.0254469471683422,-0.0375954299350348,-0.00355298377159349,-0.0313044657189864,-0.0340609523277418,-0.0268302871422192,-0.0235424305426012,-0.0295668204525624,-0.000441251808774115,-0.0275709273937085,-0.0189040465307015
S094,L'avventura di un lettore,1958,29812,0,0,0,0.32,0.08,0.56,0,0,0.04,0,0,0,8,2,14,0,0,1,0,0,0,37.58,6.67,50.46,0,0,5.29,0,0,0,930,165,1249,0,0,131,-0.0268711059864184,0.0613123849011128,-0.0143642092973718,-0.0268574186771181,-0.0133117450631547,-0.0227868408265474,-0.0185130892624949,0.0737894648820999,-0.00565907447258343,0.00204581726736882,-0.00326246535329601,-0.0200079257569714
S095,La nuvola di smog,1958,101390,0.03921568627,0.01960784314,0.03921568627,0.2941176471,0.2745098039,0.2156862745,0.03921568627,0.01960784314,0.05882352941,2,1,2,15,14,11,2,1,3,0.58,0.84,6.43,14.51,32.14,19.02,16.34,2.36,7.78,23,33,254,573,1269,751,645,93,307,0.0161959400509762,-0.0072044138977703,0.0453639707552844,-0.014310163107341,0.0490513390121753,-0.00524740010963651,0.0359959480606771,-0.00485859441151922,0.0403136212192547,0.00565307416382443,0.0435577745070584,0.0127327542372043
S097,L'avventura di un viaggiatore,1958,30293,0,0,0.02941176471,0.2647058824,0.3529411765,0.2647058824,0,0.02941176471,0.05882352941,0,0,1,9,12,9,0,1,2,0,0,1.11,12.7,34.31,35.41,0,2.3,14.17,0,0,25,287,775,800,0,52,320,0.0205549447592487,0.00442063702159654,0.00722316020850174,-0.0149179299519894,0.0186527918874618,-0.00164712989932486,0.0449545894341067,0.0307030226953819,0.00248467104693833,-0.00225563215928248,0.0123815174879575,0.0148520177756284
S098,La villeggiatura in panchina,1958,14003,0,0,0,0.7142857143,0.1428571429,0.1428571429,0,0,0,0,0,0,5,1,1,0,0,0,0,0,0,52.61,19.13,28.26,0,0,0,0,0,0,121,44,65,0,0,0,-0.0712147191778763,-0.00669357719596382,-0.0346526142179887,-0.00318079557280845,-0.0205635643521709,-0.0366206843252006,-0.0509152772771363,0.0416374616616682,-0.0301890325732529,-0.000142832456708753,-0.0162985507410076,-0.0304497026972259
S099,Va' così che vai bene,1958,27454,0,0,0,1,0,0,0,0,0,0,0,0,6,0,0,0,0,0,0,0,0,100,0,0,0,0,0,0,0,0,140,0,0,0,0,0,-0.106878567777657,-0.0180735747855006,-0.0373749988049937,-0.00335082696341119,-0.0447729174885465,-0.0423961989345131,-0.113979906032912,0.00406945001032948,-0.0319359519658188,0.000129035960128763,-0.0433576744365275,-0.0471713685686576
S101,L'avventura di un miope,1958,18975,0,0,0.03125,0.53125,0.21875,0.15625,0,0,0.0625,0,0,1,17,7,5,0,0,2,0,0,4.45,29.47,26.53,27.4,0,0,12.15,0,0,112,742,668,690,0,0,306,-0.0373664801600595,-0.00957454804180189,-0.00806142895148383,-0.00619600665253441,0.00586574908894185,-0.0291149825288108,0.00497715371804557,0.0180981365630958,0.00107363000055656,0.000190010758590976,0.0180319420451645,-0.00711428440422342
S102,L'avventura di una moglie,1958,14457,0,0.04545454545,0.04545454545,0.4545454545,0.2727272727,0.1363636364,0.04545454545,0,0,0,1,1,10,6,3,1,0,0,0,5.64,6.73,31.11,36.32,16.43,3.76,0,0,0,78,93,430,502,227,52,0,0,-0.0316225699487384,-0.0073602751664193,-0.00700769933243856,-0.00097528191525364,0.00744150022264035,-0.0273058562243729,-0.0137136537270319,0.00552634484568664,-0.00477004480856687,0.00354375698327128,0.0101943909539098,-0.0176555706666406
S103,L'avventura di due sposi,1958,7814,0,0,0,0.5,0,0.5,0,0,0,0,0,0,2,0,2,0,0,0,0,0,0,49.15,0,50.85,0,0,0,0,0,0,116,0,120,0,0,0,-0.0716559827352758,0.0550889815245974,-0.036361422728148,-0.00333068981431219,-0.0347229381639497,-0.0340149305707057,-0.0489076409042764,0.0910874109217194,-0.0301518587918489,4.85729403917639e-06,-0.0310562550016317,-0.0259896791413508
S104,L'avventura di un poeta,1958,11830,0,0,0,0.5,0,0.5,0,0,0,0,0,0,2,0,2,0,0,0,0,0,0,36.73,0,63.27,0,0,0,0,0,0,36,0,62,0,0,0,-0.0716559827352758,0.0550889815245974,-0.036361422728148,-0.0033306898143122,-0.0347229381639497,-0.0340149305707057,-0.026364083646133,0.103310656332135,-0.0315627988375058,8.57088481838511e-05,-0.0314590558690522,-0.0168707938074368
S105,L'avventura di uno sciatore,1959,13850,0,0,0,0.4545454545,0,0.3636363636,0.1818181818,0,0,0,0,0,5,0,4,2,0,0,0,0,0,35.45,0,49.62,14.93,0,0,0,0,0,330,0,462,139,0,0,-0.0557590172806104,0.0441744212994644,-0.0280486618627794,-0.00897949107764271,-0.0200206660803724,-0.031136784942147,-0.0190130512563239,0.0803986207525552,-0.0210852684418424,-0.000577880379976843,-0.0166391033986342,-0.0139856797136835
S106,La strada di San Giovanni,1962,39265,0.01818181818,0.01818181818,0.09090909091,0.2363636364,0.2181818182,0.1090909091,0.1090909091,0,0.2,1,1,5,13,12,6,6,0,11,0.22,1.16,4.83,12.7,30.05,12.2,8,0,30.85,11,58,242,637,1507,612,401,0,1547,0.0389290740764463,-0.0096407998366227,0.0482310880744283,-0.0012733158232713,0.0521741430450372,0.0125524596821308,0.0531909572132655,-0.0344487518338045,0.045887388254795,0.0141409741700915,0.0526835550783793,0.0263016023457633
S107,Diario in clinica,1963,10815,0,0,0,0.5,0.2142857143,0.2142857143,0,0,0.07142857143,0,0,0,7,3,3,0,0,1,0,0,0,57.43,16.41,15.63,0,0,10.53,0,0,0,518,148,141,0,0,95,-0.0382188449694948,0.00258696808001211,-0.0258775704788744,-0.00301800780585408,-0.00631944206105907,-0.0263750102913113,-0.0466115149023544,0.00489330514337414,-0.023698833812171,-0.000898940203804789,-0.00159432594774196,-0.0272623123093296
S108,Marcovaldo al supermarket,1963,10606,0,0,0.1176470588,0.5882352941,0.05882352941,0.1764705882,0,0,0.05882352941,0,0,2,10,1,3,0,0,1,0,0,11.49,36.72,21,10.7,0,0,20.08,0,0,87,278,159,81,0,0,152,-0.0405598555802175,-0.00803678971354237,-0.0233301345441759,0.00111823990939298,-0.0045245926039833,-0.0217416939698519,-0.00331403373351319,-0.0244084858412279,-0.0224746401975428,0.00114107459384957,0.0138703267333018,-0.005794509972129
S109,La pioggia e le foglie,1963,12518,0,0,0,0.4444444444,0.1111111111,0.3333333333,0,0,0.1111111111,0,0,0,4,1,3,0,0,1,0,0,0,32.24,17.18,29.34,0,0,21.24,0,0,0,167,89,152,0,0,110,-0.0298993491241243,0.0206982244837937,-0.0307691013352148,-0.00302644286645664,-0.00833834598389357,-0.0207537442081231,0.00715707850653537,0.018661462473541,-0.0264996152890763,-0.00053855429921507,0.00515542410159,-0.00219524324069608
S110,La fermata sbagliata,1963,13030,0,0,0.06896551724,0.6206896552,0.1034482759,0.1379310345,0,0,0.06896551724,0,0,2,18,3,4,0,0,2,0,0,6.62,55.17,8.02,11.99,0,0,18.2,0,0,80,667,97,145,0,0,220,-0.0433984592616946,-0.0160380325574723,-0.0134222453090359,-3.84476632207833e-05,0.00395980813109362,-0.026659631911707,-0.0341082203538951,-0.0116331614776569,-0.0198757000860738,0.00089946009977748,0.00785844842010766,-0.0179233944772749
S111,"Fumo, vento e bolle di sapone",1963,12414,0,0,0,0,0.3333333333,0.6666666667,0,0,0,0,0,0,0,1,2,0,0,0,0,0,0,0,30.75,69.25,0,0,0,0,0,0,0,107,241,0,0,0,0.0153106107662048,0.12281060754095,-0.0356011655364256,-0.00346613235854567,-0.0526090967244148,0.00533562249703302,0.0516282357818119,0.10424985349162,-0.0269210297215802,-0.000402017350634998,-0.0389418837247174,0.016385373940364
S112,"Un sabato di sole, sabbia e sonno",1963,7838,0,0,0.1666666667,0.3333333333,0.3333333333,0.1666666667,0,0,0,0,0,1,2,2,1,0,0,0,0,0,3.47,25.48,38.61,32.43,0,0,0,0,0,9,66,100,84,0,0,0,-0.00190422688757127,0.00313330308974032,-0.0319441444654318,-0.00163847735229403,-0.0108071755854762,-0.0058717014934052,-0.000877188524259376,0.041048863537451,-0.0288621706811545,-0.000444415858703789,-0.0141751654632622,-0.00995680540193774
S113,La città tutta per lui,1963,6089,0,0,0,0.25,0.3125,0.3125,0,0,0.125,0,0,0,4,5,5,0,0,2,0,0,0,28.42,35.04,27.67,0,0,8.87,0,0,0,189,233,184,0,0,59,0.00974824227927483,0.031529548460481,-0.0198084351013102,-0.00618204284404485,-0.00506944273451804,-0.00240932719681164,-5.14106486675784e-05,0.0243378810436298,-0.0237315247460102,-0.00096092317165168,-0.00303134237066868,-0.00938005270627278
S114,Il giardino dei gatti ostinati,1963,20899,0,0,0.1,0.4,0,0.3,0.2,0,0,0,0,1,4,0,3,2,0,0,0,0,7.63,16.88,0,56.66,18.83,0,0,0,0,47,104,0,349,116,0,0,-0.0299305368683368,0.0321434623913591,-0.027516496218047,-0.0067216957353061,-0.0109951038535384,-0.0175640190147296,0.0315767418396506,0.0865874514204791,-0.0230312911914746,0.000445271025897692,-0.0219519363355285,0.0156965923850624
S115,I figli di Babbo Natale,1963,15228,0,0,0,0.4,0.2,0.4,0,0,0,0,0,0,2,1,2,0,0,0,0,0,0,32.43,2.7,64.86,0,0,0,0,0,0,24,2,48,0,0,0,-0.0405044543054079,0.0381075165843046,-0.0346360203979727,-0.00331344464256916,-0.0203796526632755,-0.0256427612760703,-0.0160888973499272,0.101379493545746,-0.0318231839634166,0.000107902318908908,-0.0304090672745342,-0.0120991602740093
S116,Dov'è più azzurro il fiume,1963,5787,0.4,0,0,0.2,0.2,0.2,0,0,0,2,0,0,1,1,1,0,0,0,34.42,0,0,20.93,17.21,27.44,0,0,0,74,0,0,45,37,59,0,0,0,0.00800424662002795,0.0127787256855554,-0.0246696502922056,-0.000895238148907294,-0.0212063584953998,0.0092191980425957,-0.00110457490200051,0.0484428877465456,-0.0193913927932279,0.00262919966019281,-0.0193868622034431,-0.00643956853913091
S117,La città smarrita nella neve,1963,8741,0,0,0,0.4545454545,0.1818181818,0.1818181818,0,0,0.1818181818,0,0,0,5,2,2,0,0,2,0,0,0,48.8,18.92,14.82,0,0,17.47,0,0,0,405,157,123,0,0,145,-0.0165566811421149,-0.00580720209783846,-0.0285339123660787,-0.00259222564148579,-0.00104211994752045,-0.0144805892432583,-0.0286341481756386,-0.00647569021981518,-0.0239184580952012,-0.000974423958241483,0.00612492109003836,-0.0190867169250177
S118,La distanza della Luna,1964,29733,0.05405405405,0.02702702703,0.2702702703,0.1891891892,0.05405405405,0.1891891892,0.1351351351,0.02702702703,0.05405405405,2,1,10,7,2,7,5,1,2,1.19,1.67,11.45,18.89,18.67,13.8,11.45,6.06,16.81,32,45,308,508,502,371,308,163,452,0.0598493770371666,-0.00240749779567413,0.0388801337574875,0.0168970349319661,0.0473253877250241,0.0360202391360378,0.039570831584578,-0.0275596345691416,0.0258234550789357,-0.00430210699371938,0.0468561846176544,0.0235168329237142
S119,Sul far del giorno,1964,19463,0,0,0.4193548387,0.09677419355,0.09677419355,0.2258064516,0,0.03225806452,0.1290322581,0,0,13,3,3,7,0,1,4,0,0,18.81,5.56,5.67,41.27,0,7.95,20.74,0,0,362,107,109,794,0,153,399,0.0856913667366873,0.0175924126361202,0.0142855666993639,0.0165138097490984,0.023143802251695,0.0480232715839185,0.0884385486009397,0.0417028411401952,0.00662503335846647,-0.000351346565278074,0.0127346469100547,0.0540131021525215
S120,Un segno nello spazio,1964,19237,0,0,0.05555555556,0.1944444444,0.08333333333,0.1666666667,0.05555555556,0.02777777778,0.4166666667,0,0,2,7,3,6,2,1,15,0,0,2.21,4.72,8.11,25.7,5.9,6.78,46.57,0,0,58,124,213,675,155,178,1223,0.0682273695873189,-0.00672033810730162,0.011785461769524,0.00410157864012241,0.0304688478292945,0.0357821789188867,0.0918991857764694,-0.00110015993967916,0.0106505573628913,-0.01120598675673,0.02237648840999,0.0569357200535353
S121,Tutto in un punto,1964,9490,0,0,0.1,0,0.1,0.5,0,0,0.3,0,0,1,0,1,5,0,0,3,0,0,8.56,0,21.75,42.78,0,0,26.92,0,0,48,0,122,240,0,0,151,0.0718638231170112,0.0892470815878583,-0.0246573061792234,-0.00393307520052817,-0.0222820964870404,0.0377461402292404,0.0869392238981269,0.0378104435964138,-0.0234974462016638,0.000245201946731076,-0.00771856329265944,0.0399310441745925
S122,Senza colori,1965,18946,0,0,0.08333333333,0.5,0.1666666667,0.1666666667,0,0,0.08333333333,0,0,1,6,2,2,0,0,1,0,0,14.85,38.03,18.79,21.21,0,0,7.12,0,0,98,251,124,140,0,0,47,-0.0253777372167683,-0.011076130070511,-0.0270994120282478,-0.00113400732867495,0.000750633595846009,-0.0185126443025681,-0.0132237414802359,0.0116709575506917,-0.0231347044926608,0.00172665087510453,0.00243995003534999,-0.0117026505652304
S123,Fino a che dura il Sole,1965,14692,0,0,0,0,0.25,0.75,0,0,0,0,0,0,0,1,3,0,0,0,0,0,0,0,2.41,97.59,0,0,0,0,0,0,0,6,243,0,0,0,0.0129211615366374,0.127451897197034,-0.0341532015115096,-0.00358053379850289,-0.0515603509204489,0.00491663969033691,0.0550609225276198,0.144955079151862,-0.0287603445790761,4.0941023300721e-07,-0.0547750091439078,0.0255466044310406
S124,Lo zio acquatico,1965,21396,0,0,0.1578947368,0.1052631579,0.2631578947,0.05263157895,0.2631578947,0,0.1578947368,0,0,3,2,5,1,5,0,3,0,0,3.04,15.61,32.08,4.37,26.46,0,18.45,0,0,46,236,485,66,400,0,279,0.0611301293238101,0.00318093458214556,-0.00840344847172116,-0.0089169525399263,0.00623532803116054,0.0302320108431525,0.0328756851974442,-0.0463793010681118,-0.00973467101054213,-0.00312777954851419,0.0134109798173696,0.0145035366656948
S125,La Luna come un fungo,1965,16925,0,0.07692307692,0.1538461538,0,0.5384615385,0.1538461538,0,0.07692307692,0,0,1,2,0,7,2,0,1,0,0,13.73,1.99,0,56.01,23.58,0,4.7,0,0,152,22,0,620,261,0,52,0,0.0997562931091044,0.00180815921051383,-0.00466715616946908,0.00789978479342966,-0.00759984459532628,0.0513093043968333,0.0520896388123752,0.0306351865067629,0.00187158153340452,0.00348108705070478,-0.00896295448493913,0.0203344587704717
S126,Giochi senza fine,1965,11691,0.3333333333,0,0,0,0.3333333333,0.1111111111,0,0,0.2222222222,3,0,0,0,3,1,0,0,2,3.69,0,0,0,21.74,39.39,0,0,35.18,28,0,0,0,165,299,0,0,267,0.0791406906189026,0.0154884184964123,-0.0130079652396234,0.00223549566518385,-0.0156728287147544,0.0450103713190533,0.0876200918404831,0.0317195243637474,-0.0174654168896171,-0.00190119878758619,-0.00665355150103254,0.0421899292111001
S127,I meteoriti,1965,17758,0,0,0,0.5294117647,0.05882352941,0.1764705882,0.05882352941,0.1176470588,0.05882352941,0,0,0,9,1,3,1,2,1,0,0,0,30.99,0.65,19.3,10.33,23.39,15.35,0,0,0,432,9,269,144,326,214,-0.0211431953457964,-0.0743217302353625,-0.0140068773765079,0.00110873028061349,0.00211632751895714,-0.0111044045531246,0.0104063244334604,-0.00336384598530364,-0.00224965731911627,-0.0198217054729413,0.0140866305795949,0.00793105678684792
S128,La forma dello spazio,1965,15776,0,0,0.2127659574,0.2340425532,0.06382978723,0.08510638298,0.1276595745,0.04255319149,0.2340425532,0,0,10,11,3,4,6,2,11,0,0,2.53,19.94,14.53,5.8,15.38,3.45,38.37,0,0,102,804,586,234,620,139,1547,0.0749480673281426,-0.0378170850685565,0.0371536914927187,0.0204742206994812,0.0511586326097811,0.0453404075342598,0.041794380774155,-0.0526597387991881,0.0251961120891593,-0.0139197796322115,0.0418837312692781,0.0282848844289605
S129,Quanto scommettiamo,1965,16962,0,0,0.1111111111,0.2222222222,0.1111111111,0.1111111111,0.1111111111,0,0.3333333333,0,0,1,2,1,1,1,0,3,0,0,2.85,2.94,4.58,4.58,45.03,0,40.02,0,0,33,34,53,53,521,0,463,0.0488009082299,-0.00332252806613748,-0.0272944639095299,-0.00329440527488893,0.0036047139645757,0.0240486837704319,0.0795399925502941,-0.0502060004217225,-0.0155095343176904,-0.00334537455456433,-0.00482379204959802,0.0509216102778471
S130,I Dinosauri,1965,32538,0,0,0,0.4444444444,0.2222222222,0.07407407407,0.1111111111,0,0.1481481481,0,0,0,12,6,2,3,0,4,0,0,0,22.02,24,2.45,25.61,0,25.91,0,0,0,368,401,41,428,0,433,-0.0142426249631254,-0.0210721798455923,-0.00963669523899871,-0.0112650205114147,0.012677839241467,-0.0175733085579649,0.0221392032258953,-0.0518483178877621,-0.0102258061947322,-0.00413793068780555,0.0145573449243054,0.0107229208066312
S131,Gli anni-luce,1965,26660,0,0,0.2666666667,0.2333333333,0.1,0.1333333333,0.06666666667,0.03333333333,0.1666666667,0,0,8,7,3,4,2,1,5,0,0,15.23,25.02,21.5,4.2,11.9,1.02,21.13,0,0,403,662,569,111,315,27,559,0.0640636950464953,-0.0246470874948896,0.00868024886793162,0.0170011024293938,0.0355926793529784,0.0334787499862027,0.0213076827693616,-0.0481864047771302,0.00845432722802723,0.00279774637067444,0.032444109734034,0.0114942647957911
S132,La spirale,1965,27755,0,0.03076923077,0.1538461538,0.3230769231,0.1230769231,0.01538461538,0,0.01538461538,0.3384615385,0,2,10,21,8,1,0,1,22,0,2.52,10.9,29,16.53,1.67,0,1.92,37.45,0,109,471,1253,714,72,0,83,1618,0.0398346806775211,-0.041105604336956,0.058280050246618,0.0490353383998338,0.0557002329345343,0.022631242345294,0.0183476382094191,-0.0564241159731342,0.0368479086250964,0.00573303691759785,0.0455947281273545,0.0147719813004664
S133,Ti con zero,1966,27727,0.01219512195,0,0.09756097561,0.5731707317,0.0487804878,0,0.08536585366,0.01219512195,0.1707317073,1,0,8,47,4,0,7,1,14,1.79,0,3.8,35.71,9.15,0,9.64,2.03,37.88,128,0,272,2555,655,0,690,145,2710,-0.0182424350502238,-0.0529189804785866,0.0492403499071365,0.00158419188476119,0.0478552570515903,-0.018054028891087,0.00182908139579747,-0.0593367725279164,0.0684388313225968,-0.0137389161041708,0.0662644854077843,0.0008640511908933
S134,I. Mitosi,1967,27482,0.1844660194,0.1067961165,0.09708737864,0.1747572816,0.09708737864,0.03883495146,0,0.04854368932,0.2524271845,19,11,10,18,10,4,0,5,26,3.44,13.42,9.26,6.27,9.27,4.43,0,9.69,44.22,198,773,533,361,534,255,0,558,2546,0.0963592182654791,-0.0636744329165415,0.176512435361907,0.269120602372954,0.155734690286368,0.113960987744346,0.0842890128744271,-0.0613501734171407,0.122650211101681,-0.0234219928107269,0.0983111199069021,0.0963808805060154
S135,L'inseguimento,1967,26513,0.05555555556,0,0.08333333333,0.25,0.1666666667,0.1111111111,0,0,0.3333333333,2,0,3,9,6,4,0,0,12,1.2,0,10.28,21.99,6.89,14.39,0,0,45.25,54,0,463,990,310,648,0,0,2037,0.0432751475675464,-0.0137454701176267,0.0153099597362377,0.0110538167407839,0.0289909907518335,0.0241643933235777,0.0436400368286351,-0.0241386481777677,0.0312778084807781,0.000804426457347361,0.0400165576290912,0.0300012995518187
S136,I cristalli,1967,15771,0,0,0.2222222222,0,0.3333333333,0,0,0.1111111111,0.3333333333,0,0,2,0,3,0,0,1,3,0,0,27.47,0,15.95,0,0,20.83,35.75,0,0,186,0,108,0,0,141,242,0.163826165764122,-0.0526103342449316,-0.0195585999614371,0.00573274756169913,-0.015077677286113,0.0874657998882182,0.101473803098634,-0.0803505939680766,-0.0137171063531865,-0.00242627978571464,-0.00532105004297558,0.0649433559194519
S137,L'origine degli uccelli,1967,21376,0,0.0303030303,0.09090909091,0.2727272727,0.2424242424,0.06060606061,0.1818181818,0,0.1212121212,0,1,3,9,8,2,6,0,4,0,0.8,7.24,17.91,34.02,4.28,18.55,0,17.2,0,29,264,653,1240,156,676,0,627,0.0224658797954386,-0.0145554432483649,0.0143712166384616,-0.00663878768936296,0.0291984361102362,0.00419394944467916,0.029019221997295,-0.0464444120435842,0.0248927931806344,0.00953489579745281,0.0364689868057747,0.0105775162472439
S138,La memoria del mondo,1967,13732,0.125,0,0.1875,0.1875,0.25,0.0625,0,0.0625,0.125,2,0,3,3,4,1,0,1,2,2.06,0,9.25,5.99,10.58,4.46,0,55.16,12.51,31,0,139,90,159,67,0,829,188,0.0896346642753167,-0.0664750933962182,-0.00232494609973783,0.0106314181659299,0.0232340845325454,0.0520502130003025,0.0709747284750815,-0.055103465343213,0.0227256241180847,-0.0714123229084445,0.0107095551911302,0.0500829020923786
S139,"Il sangue, il mare",1967,21043,0.1304347826,0.02173913043,0.2608695652,0.1739130435,0,0.0652173913,0.02173913043,0,0.3260869565,6,1,12,8,0,3,1,0,15,2,5.82,31.74,7.51,0,14.3,4.06,0,34.57,77,224,1221,289,0,550,156,0,1330,0.0747671244504765,-0.00998087454090927,0.0596014978241467,0.0549672963646002,0.0451794592422735,0.0611290350123534,0.0822353850922157,-0.0182728588455519,0.0567328222659554,0.0425811540830116,0.0450062695032395,0.0657450057166962
S140,Il guidatore notturno,1967,14578,0.125,0.03125,0.0625,0.5,0.09375,0,0,0,0.1875,4,1,2,16,3,0,0,0,6,3.7,2.07,6.37,49.37,5.39,0,0,0,33.1,68,38,117,907,99,0,0,0,608,-0.0133516029823396,-0.0527602506246238,0.0187201416542788,0.016108596256411,0.0266157429182767,-0.00358465229655018,-0.0271931770167473,-0.0488220330654252,-0.000367610560154406,0.00442487990648162,0.0144985433999922,-0.0100197789411981
S141,La molle Luna,1967,16603,0.2,0.04,0.32,0.16,0,0.16,0.04,0,0.08,5,1,8,4,0,4,1,0,2,3.37,9.74,49.21,7.81,0,20.7,2.58,0,6.59,47,136,687,109,0,289,36,0,92,0.0559367291854889,0.0120552452020588,0.027712180708566,0.0347121884311069,0.0232445176465687,0.043919669200046,0.0573652822376064,0.0308620470571232,0.0131805379687219,0.0238678087929937,0.000292195718770707,0.0395272903959758
S142,II. Meiosi,1967,18954,0.09803921569,0.03921568627,0.1568627451,0.3333333333,0.07843137255,0.05882352941,0,0.01960784314,0.2156862745,5,2,8,17,4,3,0,1,11,1.69,1.64,11.26,28.01,8.74,8.52,0,1.01,39.13,62,60,412,1025,320,312,0,37,1432,0.0403341871412204,-0.0492983650633532,0.0650671874185439,0.0570398357930435,0.0673115237789258,0.0293802169194625,0.0258689288906575,-0.0392104020523948,0.0303716634629415,0.00520564467028252,0.0428990799208614,0.0196925297326433
S143,III. Morte,1967,9299,0.4615384615,0,0.07692307692,0,0.07692307692,0,0,0,0.3846153846,6,0,1,0,1,0,0,0,5,9.13,0,7.05,0,4.77,0,0,0,79.05,44,0,34,0,23,0,0,0,381,0.10121683790436,-0.00179225200749284,0.00401863295823304,0.0192508085812653,-0.0109639833180706,0.0722703852432784,0.0868359913553642,-0.0589140997449297,-0.0199452243885875,-0.00109656105953756,-0.0203811691954001,0.0551636817176571
S144,Il conte di Montecristo,1967,22375,0.1111111111,0,0.06666666667,0.5333333333,0.04444444444,0.04444444444,0.04444444444,0,0.1555555556,5,0,3,24,2,2,2,0,7,2.42,0,3.52,49.24,8.71,9.54,1.9,0,24.67,70,0,102,1425,252,276,55,0,714,-0.0199387363254641,-0.0446035620948101,0.0260356156775116,0.0117269652904694,0.0318819102661874,-0.0101701936910576,-0.023640409730335,-0.0245448377317552,0.00699605352884354,0.00100622286214506,0.0264619550450184,-0.0149902781999897
S145,Le figlie della Luna,1968,23452,0.125,0.0625,0.125,0.4375,0.0625,0.0625,0,0,0.125,2,1,2,7,1,1,0,0,2,5.56,5.69,7.22,31.25,7.5,18.61,0,0,24.17,40,41,52,225,54,134,0,0,174,-0.00373454265648695,-0.0395177413731501,-0.00478741992175035,0.00823457636053677,0.0160305818350805,0.00111244972151717,0.013403076810169,-0.00516769323842035,-0.0135020095611832,0.000475386913192345,0.0160080146459011,0.00566617504952646
S146,Il cielo di pietra,1968,13895,0.1304347826,0.04347826087,0.1739130435,0.347826087,0,0.1304347826,0,0.04347826087,0.1304347826,3,1,4,8,0,3,0,1,3,3.15,1.42,27.61,14.62,0,19.29,0,16.75,17.16,31,14,272,144,0,190,0,165,169,0.0415157160879056,-0.0531052167224512,0.0153825888325784,0.0215224541353979,0.0378959347871455,0.0298117599463757,0.0648913325177721,-0.00405158118318692,-0.00176565691544448,-0.00297326257211811,0.00997048133605608,0.0445230785623206
S147,Tempesta solare,1968,18603,0,0,0.1428571429,0.5714285714,0.1428571429,0.07142857143,0,0.07142857143,0,0,0,2,8,2,1,0,1,0,0,0,6.26,39.22,33.63,7.15,0,13.74,0,0,0,56,351,301,64,0,123,0,-0.0194241856403671,-0.079276440318959,-0.0204185264561362,0.00547256032183658,0.00131956692615238,-0.00625194680089595,-0.0322161292146635,-0.0254337299804653,-0.0147378668071301,-0.00543767000296479,0.00214527306464744,-0.0194474838204815
S148,Le conchiglie e il tempo,1968,7831,0,0,0.5,0,0,0,0,0,0.5,0,0,2,0,0,0,0,0,2,0,0,27.38,0,0,0,0,0,72.62,0,0,72,0,0,0,0,0,191,0.0966389270056872,0.03770732575716,-0.0327115761589348,0.00129738613313209,-0.0435008262838267,0.0615409898699,0.0950441191028297,-0.0536510904940012,-0.0284050306922959,0.0015676810500512,-0.0309501792421199,0.0609273547177223
S149,La decapitazione dei capi,1969,25519,0,0,1,0,0,0,0,0,0,0,0,1,0,0,0,0,0,0,0,0,100,0,0,0,0,0,0,0,0,119,0,0,0,0,0,0,0.0443172502253196,0.0616934372205943,-0.037848588305665,-0.00189167201457389,-0.0651701090300984,0.0361074154013115,0.0418596696859417,0.00486027821721975,-0.0290112410605709,0.00322390653126642,-0.0590922582966188,0.0324976828900956
S150,Dall'opaco,1971,22085,0.06976744186,0.02325581395,0.1162790698,0.1395348837,0.1395348837,0.09302325581,0.02325581395,0.04651162791,0.3488372093,3,1,5,6,6,4,1,2,15,0.58,3.59,23.72,19.7,6.95,8.18,1.85,3,32.43,31,192,1267,1052,371,437,99,160,1732,0.102231386318947,-0.0408694556071224,0.0531158327696034,0.0329471655270424,0.0614888683524282,0.0679364435958061,0.0490749991473836,-0.0405192694828137,0.0722712445256088,0.022913788772115,0.067194634791425,0.0433883031240905
S151,"Il nome, il naso",1972,25010,0,0,0.4285714286,0.5714285714,0,0,0,0,0,0,0,3,4,0,0,0,0,0,0,0,41.72,58.28,0,0,0,0,0,0,0,68,95,0,0,0,0,0,-0.0499791141849318,-0.0210205466111655,-0.031544643468835,0.00370606864328502,-0.0304863889842267,-0.0149519685790269,-0.0738808358769955,-0.00999539500279187,-0.0300387391436244,0.00167099838652444,-0.034878018209304,-0.02674117132666
S152,La taverna dei destini incrociati,1973,98779,0.03225806452,0.01843317972,0.08755760369,0.2580645161,0.1566820276,0.05529953917,0.2304147465,0.03225806452,0.1290322581,7,4,19,56,34,12,50,7,28,0.44,0.56,1.96,19.95,21.13,4.26,27.14,6.46,18.09,87,111,388,3939,4173,841,5360,1276,3572,0.0476353599215568,-0.042230432110137,0.37539227030161,0.0132363455033283,0.241208831354628,0.0122606853663332,0.0287964711553355,-0.0511087983391872,0.307747995893802,-0.11573624496831,0.200758001244344,0.0122638497722372
S153,Ricordo di una battaglia,1974,15654,0,0,0,0.3777777778,0.2,0.1777777778,0.1111111111,0.04444444444,0.08888888889,0,0,0,17,9,8,5,2,4,0,0,0,10.69,15.23,46.89,13.13,6.81,7.25,0,0,0,457,651,2004,561,291,310,0.00905863437383655,-0.030724038701566,0.0220541031486785,-0.0199908700484768,0.0394321828329719,-0.0102431491553417,0.0518041439497792,0.0558334425476523,0.0379593305699298,-0.00528167241932155,0.0284277084222601,0.0228160870249361
S154,Autobiografia di uno spettatore,1974,44046,0,0.01724137931,0.05172413793,0.3275862069,0.1034482759,0.1724137931,0.05172413793,0,0.275862069,0,1,3,19,6,10,3,0,16,0,0.33,1.3,14.67,14.95,24.64,8.27,0,35.84,0,14,56,630,642,1058,355,0,1539,0.0189560224950078,-0.00198027721226592,0.0364214673484551,-0.0055047961753397,0.0418887384525682,0.0002694781269044,0.0561448221896013,-0.00120131024572899,0.0241695159328841,-0.00519783524278142,0.0357440528894422,0.0293025454907305
S155,La pompa di benzina,1974,12331,0,0,0.1428571429,0.2857142857,0.1428571429,0.1428571429,0,0,0.2857142857,0,0,2,4,2,2,0,0,4,0,0,25.82,20.24,0.87,21.04,0,0,32.03,0,0,416,326,14,339,0,0,516,0.0342493032440603,-0.00620268683867149,-0.021543927156261,0.00195073706290448,0.00646124500497618,0.0167617211441818,0.0509289105953795,0.000153352110361722,-0.00773177178812217,0.00805597882786468,0.00887861655733676,0.0333731950813125
S156,La glaciazione,1975,6231,0,0,0,0.5,0.3333333333,0,0,0,0.1666666667,0,0,0,3,2,0,0,0,1,0,0,0,46.49,20.54,0,0,0,32.97,0,0,0,86,38,0,0,0,61,-0.0251074150525576,-0.0331721037524077,-0.0339030614791562,-0.00323601535579309,-0.0137455207467648,-0.0162441437393176,-0.0254700724688655,-0.0494322873715737,-0.0308936103630358,-8.82426154974897e-05,-0.00272567187584383,-0.0114107302117221
S157,L'uomo di Neanderthal,1975,15168,0,0,0.3333333333,0,0,0,0.08333333333,0.1666666667,0.4166666667,0,0,4,0,0,0,1,2,5,0,0,17.37,0,0,0,12.32,10.29,60.03,0,0,265,0,0,0,188,157,916,0.199757228300402,-0.0479404966943073,-0.00939509086835737,0.0125178576820132,-0.0183930551327462,0.119209096738663,0.10519650352953,-0.0751396355560787,-0.00185577599114413,-0.00405750373463117,0.000637667853094095,0.0769648686893963
S158,Montezuma,1975,20699,0,0,0,0.6086956522,0.08695652174,0.1304347826,0.04347826087,0,0.1304347826,0,0,0,14,2,3,1,0,3,0,0,0,62.8,2.13,6.55,11.82,0,16.69,0,0,0,1121,38,117,211,0,298,-0.041123176522599,-0.0163113879955428,-0.0194369705355519,-0.00541236177961575,0.0020660150127738,-0.0261739645829656,-0.0521142271869171,-0.019345420651444,-0.0168122727606747,-0.00188266720394123,0.00111370087850051,-0.0249767558724264
S159,Prima che tu dica «Pronto»,1975,16064,0,0,0.1739130435,0.347826087,0.1304347826,0.08695652174,0,0.08695652174,0.1739130435,0,0,4,8,3,2,0,2,4,0,0,7.83,47.32,10.3,3.5,0,4.98,26.07,0,0,143,864,188,64,0,91,476,0.053847491090105,-0.0781105182200327,-0.00117348119503107,0.0136579990417628,0.0269196636611452,0.0292751670864964,-0.019807413548163,-0.0447308459776101,-0.00804830585740998,-0.00199603008144158,0.0192116603097537,-0.00696282733917109
S160,La corsa delle giraffe,1975,2780,0,0,0.3333333333,0.2222222222,0,0.1111111111,0.2222222222,0,0.1111111111,0,0,3,2,0,1,2,0,1,0,0,23.6,3.17,0,18.15,44.67,0,10.41,0,0,186,25,0,143,352,0,82,0.0374427725836913,0.0122557109954754,-0.0255890542738083,-0.00121344683639539,-0.00539466299564709,0.0221656606697859,0.0712508144366149,0.00971151136774591,-0.0173599640469946,0.00262159807377075,-0.0133733237114659,0.0430756458745216
S161,Del mordersi la lingua,1975,3124,0,0,0,0.2727272727,0.2727272727,0.09090909091,0.1818181818,0,0.1818181818,0,0,0,3,3,1,2,0,2,0,0,0,23.41,41.39,3.17,15.41,0,16.62,0,0,0,155,274,21,102,0,110,0.0193513154967648,-0.00562150069302818,-0.0252751426739933,-0.00802131197345637,0.00150997292668928,0.00366580511570905,0.0100701839555277,-0.0436677726330135,-0.0233714690864962,-0.00140052181841919,0.00357438674823268,-0.00022626934525699
S162,Il fischio del merlo,1975,9784,0,0,0.1081081081,0.2702702703,0.1351351351,0.05405405405,0.1891891892,0.05405405405,0.1891891892,0,0,4,10,5,2,7,2,7,0,0,1.82,17.91,23.87,4.07,21.07,6.41,24.85,0,0,56,550,733,125,647,197,763,0.0605234455084858,-0.0554425225531745,0.0210912045348665,-0.000171291104693589,0.0442614263650871,0.0321278147198125,0.0386851008335849,-0.0565029580567431,0.0188503338514217,-0.0142946827210994,0.0369288272915193,0.023083143607181
S163,Del prendersela coi giovani,1975,3072,0,0,0,0.25,0.5,0.25,0,0,0,0,0,0,1,2,1,0,0,0,0,0,0,3.72,34.6,61.68,0,0,0,0,0,0,59,548,977,0,0,0,-0.010325084276584,0.0361632355641515,-0.0348584770412474,-0.00347892989937484,-0.0265706085387292,-0.00975671555502541,0.0450614420840649,0.0935845541585506,-0.00791738117403616,-0.000745348872699281,-0.0231351382974427,0.0117669235605427
S164,Lettura di un'onda,1975,8420,0.09523809524,0,0,0.1428571429,0.2857142857,0.04761904762,0.09523809524,0.04761904762,0.2857142857,2,0,0,3,6,1,2,1,6,0.74,0,0,14.08,23.97,5.98,18.28,2.6,34.34,20,0,0,379,645,161,492,70,924,0.0910891960341546,-0.0474068196516571,0.00403915476126503,0.000177634386359027,0.0237808467538457,0.0506350199292195,0.0502864715867017,-0.0533172963164312,0.010022411084977,-0.00987921595474657,0.0295141067495038,0.028785715954872
S165,La pantofola spaiata,1975,2992,0,0,0,0.5714285714,0.2857142857,0,0,0,0.1428571429,0,0,0,4,2,0,0,0,1,0,0,0,65.39,24.81,0,0,0,9.8,0,0,0,514,195,0,0,0,77,-0.036679007872495,-0.0352019584684411,-0.0334160756210258,-0.00316456496040147,-0.0140744455084005,-0.0212135160995082,-0.0687547656939165,-0.0275227692838773,-0.0252840377858638,-0.000867617832012453,-0.0118140471781079,-0.0357404896473733
S166,Un chilo e mezzo di grasso d'oca,1976,4952,0,0,0,0,0.3333333333,0,0.6666666667,0,0,0,0,0,0,1,0,2,0,0,0,0,0,0,6.8,0,93.2,0,0,0,0,0,0,20,0,274,0,0,0.0237980892729791,0.0516927567544267,-0.0345555960966158,-0.00900450697950923,-0.0497948175419436,0.0127769160904915,0.0299616814148582,-0.0103566227366573,-0.0274728132645635,-0.00128122061757737,-0.0469894974669744,0.0221728482833918
S167,Altre città,1976,6749,0.3636363636,0,0.09090909091,0.5454545455,0,0,0,0,0,4,0,1,6,0,0,0,0,0,8.59,0,2.48,88.93,0,0,0,0,0,45,0,13,466,0,0,0,0,0,-0.0592631388583326,-0.0502822346626836,-0.0117923221351297,0.00751246088935389,-0.0173487059204078,-0.0155805502050926,-0.1106827608058,-0.00291447093653725,-0.0222724064195693,-0.00122328280766521,-0.0345888885367902,-0.047726735559036
S168,Serpenti e teschi,1976,5772,0.1666666667,0,0,0.08333333333,0.3333333333,0,0.4166666667,0,0,2,0,0,1,4,0,5,0,0,2.62,0,0,5.47,46.47,0,45.44,0,0,23,0,0,48,408,0,399,0,0,0.0315214448051305,0.0107724858644015,-0.0111489706939566,-0.0138030806288144,-0.0200613806363101,0.0218527447910891,0.0237541748956567,-0.0361442891822319,-0.0139495468489857,-0.0039399674406789,-0.0215964597815084,0.0102185412895131
S169,Il richiamo dell'acqua,1976,8736,0,0,0.1666666667,0.5833333333,0.25,0,0,0,0,0,0,2,7,3,0,0,0,0,0,0,16.59,42.91,40.5,0,0,0,0,0,0,145,375,354,0,0,0,0,-0.04157187804366,-0.0325584210628802,-0.0270902256510448,0.000907317275193648,-0.0153417817336551,-0.0202680356293328,-0.0455284705910667,-0.0292798425336882,-0.0193905998979416,0.00256810336109841,-0.0106122933823514,-0.0270617778051345
S170,L'aiola di sabbia,1977,5037,0,0,0,0.5714285714,0.2857142857,0,0.1428571429,0,0,0,0,0,4,2,0,1,0,0,0,0,0,32.93,33.04,0,34.02,0,0,0,0,0,302,303,0,312,0,0,-0.0562405951119657,-0.0246191357324653,-0.0328619867874168,-0.00584827217657939,-0.0199627631337837,-0.0310166178568443,-0.0337961791729545,-0.0309922266571359,-0.0197412700366611,-0.00253261091002136,-0.00837857553218927,-0.0219221843308605
S171,La poubelle agréée,1977,41079,0.08860759494,0,0.1139240506,0.3291139241,0.1392405063,0.1012658228,0.03797468354,0.0253164557,0.164556962,7,0,9,26,11,8,3,2,13,1.3,0,5.45,24.62,12.91,13.81,5.43,4.11,32.36,100,0,418,1887,989,1058,416,315,2480,0.0367534184223281,-0.0461904519178736,0.0991006046438037,0.0390124266431401,0.0931709236100821,0.0183247760171103,0.0340572077439684,-0.0299217394111909,0.0923711713537128,-0.012713898744773,0.0869345261388088,0.0219858770761793
S172,Il seno nudo,1977,5137,0,0,0,0,0,0,0.3333333333,0,0.6666666667,0,0,0,0,0,0,3,0,6,0,0,0,0,0,0,33.36,0,66.64,0,0,0,0,0,0,437,0,873,0.069325132604588,0.0504659916912532,-0.0255355419437755,-0.00964106626538037,-0.0387373719246542,0.0456126139895569,0.0853580172328338,-0.0586104953641791,-0.0156676535514516,-0.00397874233265798,-0.0186045642754176,0.0580354731980221
S173,Il crollo del tempo,1977,8431,0,0,0.1666666667,0.5,0.1666666667,0.08333333333,0,0,0.08333333333,0,0,2,6,2,1,0,0,1,0,0,2.16,53.51,18.38,22.16,0,0,3.78,0,0,16,396,136,164,0,0,28,-0.0181531534288308,-0.0255831599981269,-0.0263980502935531,0.00137281470926972,-0.00033585317407564,-0.0118075887394731,-0.0461956209826609,0.0236364866858752,-0.0244358013133627,-0.000677919305552265,-0.00651803860229454,-0.0281952848214891
S175,Lo specchio e il bersaglio,1978,12906,0.06666666667,0.03333333333,0.1333333333,0.5666666667,0.1666666667,0,0,0.03333333333,0,2,1,4,17,5,0,0,1,0,5.5,6.53,16.27,52.23,9.74,0,0,9.74,0,48,57,142,456,85,0,0,85,0,-0.0240030211924085,-0.0735363025557391,0.0136181062527932,0.016588826682489,0.0252857630699055,-0.0099769068592433,-0.0597952317028461,-0.0317128123598565,-0.004466324204563,0.000986799055608481,-0.00166466277110077,-0.0243811373195968
S176,La coscienza a posto,1980,7552,0.125,0,0.0625,0.125,0.3125,0,0,0.125,0.25,2,0,1,2,5,0,0,2,4,2.36,0,1.58,30.05,21.38,0,0,12.51,32.12,24,0,16,305,217,0,0,127,326,0.132593800566843,-0.0984237901184726,0.00213672310537641,0.00807494881081813,0.0132426981827909,0.0774688516517001,0.0119481558519504,-0.0683873217899038,-0.0111059437442334,-0.0074279099403206,0.0153557149154691,0.010180014490842
S177,Quattro favole d'Esopo per Valerio Adami,1946,7490,0,0,0.4,0,0.6,0,0,0,0,0,0,2,0,3,0,0,0,0,0,0,47.26,0,52.74,0,0,0,0,0,0,190,0,212,0,0,0,0,0.0556550693273767,0.0350055259451475,-0.0304555359186928,0.000626630735213597,-0.0468789570464414,0.0323444108761267,0.0445825607086397,-0.029205680985785,-0.0229449902196695,0.00421003507285806,-0.0375311226436535,0.0226283675174391
S178,Il gorilla albino,1980,4684,0,0,0,0.375,0.25,0,0.125,0,0.25,0,0,0,3,2,0,1,0,2,0,0,0,4.73,37.94,0,4,0,53.33,0,0,0,39,313,0,33,0,440,0.00505420447898971,-0.0272228994417979,-0.0304259019681749,-0.00536554280601232,-0.00423082875902005,-0.00127360138319779,0.067061421140484,-0.0673432146920748,-0.0213641231176026,-0.00151999764111237,-0.00844129575031247,0.0346880089132023
S179,L'altra euridice,1980,16915,0.125,0.04166666667,0.25,0.2916666667,0,0.08333333333,0,0.04166666667,0.1666666667,3,1,6,7,0,2,0,1,4,3.11,1.4,31.39,13.14,0,8.02,0,16.55,26.38,31,14,313,131,0,80,0,165,263,0.0634422973611632,-0.0548562394686036,0.0191906536844005,0.0274196715515072,0.0376658952578302,0.0461439303854714,0.0719427595001935,-0.044521740949443,-0.00140131080978731,-0.00225432211857211,0.0103338547222001,0.0531270349983992
S180,Essere pietra (per Alberto Magnelli),1981,4167,0,0,0,0.5,0.125,0.1875,0,0,0.1875,0,0,0,8,2,3,0,0,3,0,0,0,27.94,25.95,13.67,0,0,32.44,0,0,0,280,260,137,0,0,325,-0.0239331441041813,-0.00630831643941144,-0.0242120430498665,-0.00250628819737492,7.83126398759567e-05,-0.0170110088946439,0.0176190896228948,-0.023619920879245,-0.0205739510493997,-0.00134683212893574,0.011292870962691,0.00508596546743632
S181,Le memorie di Casanova,1981,18849,0,0,0.08,0.44,0.2,0.12,0.04,0,0.12,0,0,2,11,5,3,1,0,3,0,0,11.84,25,41.79,9.09,0.88,0,11.4,0,0,189,399,667,145,14,0,182,-0.00903155451694221,-0.0180209521770663,-0.011158297539619,-0.00141526540806081,0.0160827121639571,-0.0132316008282138,0.00970392099548989,-0.0258986726232236,-0.00788125676869905,0.00240800776927737,0.0117510638591101,-0.00118883342913649
S182,L'invasione degli storni,1981,9054,0.2631578947,0,0,0.1052631579,0.3684210526,0.05263157895,0.1578947368,0,0.05263157895,5,0,0,2,7,1,3,0,1,3.64,0,0,7.58,52.63,3.22,27.57,0,5.37,61,0,0,127,882,54,462,0,90,0.0412630444737225,-0.00243280115064534,0.00955701911179404,0.00273699175886502,0.00323799506174695,0.0248087496368609,0.0298945058520788,-0.0371650311070168,0.00327650350639572,0.000431355158217157,-0.000210639531761151,0.00996494594158906
S183,Il silenzio e la città,1982,12343,0,0,0.1428571429,0.4285714286,0.2857142857,0.1428571429,0,0,0,0,0,2,6,4,2,0,0,0,0,0,22.43,33.65,13.7,30.22,0,0,0,0,0,190,285,116,256,0,0,0,-0.0194693836358138,-0.00717688983271451,-0.0229372915315902,0.000915218190723468,-0.0029571484126773,-0.0159507083100259,-0.0087505612844119,0.0400176323213103,-0.0189710559358561,0.00408473291314057,-0.0055409487763319,-0.00767834544971944
S184,L'occhio e i pianeti,1982,8184,0,0,0.09090909091,0.4090909091,0.2272727273,0.09090909091,0.04545454545,0,0.1363636364,0,0,2,9,5,2,1,0,3,0,0,2.15,18.57,37.52,11.09,7.22,0,23.45,0,0,34,293,592,175,114,0,370,-0.000421977363294801,-0.0220201817001228,-0.0135258033587503,-0.0012010946303027,0.0155334446001973,-0.00827075592357239,0.0330293983482635,-0.0309716991486022,-0.0102464383064818,-0.00220240357852922,0.0184554530678837,0.0106304329063503
S185,Sapore Sapere,1982,41220,0.1132075472,0,0.2452830189,0.09433962264,0.07547169811,0.03773584906,0.1132075472,0.03773584906,0.2830188679,6,0,13,5,4,2,6,2,15,1.59,0,9.22,10.89,6.29,7.04,18.35,2.88,43.73,62,0,359,424,245,274,714,112,1702,0.118592670445854,-0.0385790686102925,0.0794488715526656,0.0495355779778168,0.0729780240884553,0.0899848457620886,0.0709463371879717,-0.0525858504046319,0.0364728139053963,-0.00838766546776874,0.0443419178251173,0.0538209222132094
S186,Il mondo guarda il mondo,1982,3938,0,0,0.1428571429,0.3571428571,0.4285714286,0.07142857143,0,0,0,0,0,2,5,6,1,0,0,0,0,0,3.49,22.07,67.65,6.79,0,0,0,0,0,39,247,757,76,0,0,0,-0.00838461527191704,-0.0127472192565045,-0.0215291414451891,-0.000145143332746251,-0.00765466263362594,-0.0084651751953176,-0.00733922092278041,-0.013995210821906,-0.0152607846864713,0.000698241636389859,-0.0109256768480323,-0.0120466479090485
S187,La pancia del geco,1982,6400,0,0,0,0.6956521739,0.1304347826,0.1304347826,0,0,0.04347826087,0,0,0,16,3,3,0,0,1,0,0,0,72.26,5.65,7.36,0,0,14.73,0,0,0,844,66,86,0,0,172,-0.0625647671969729,-0.0121851787280041,-0.0217319462780735,-0.00388819016580137,-0.00879912286512377,-0.0359116314765984,-0.0627786727927007,-0.0107279234930056,-0.0234468861282328,-0.000749113015857622,-0.0081459632211513,-0.0292347936838244
S188,Quattro studi dal vero,1983,14889,0.2,0,0.15,0.3,0.125,0.075,0.025,0,0.125,8,0,6,12,5,3,1,0,5,3.81,0,11.67,31.91,16.64,8.63,5.53,0,21.82,75,0,230,629,328,170,109,0,430,0.0281855616562583,-0.0333699491147267,0.0416599407636453,0.036642394774313,0.0459279471659108,0.0180430383112674,0.00750913543420352,-0.0342545926971447,0.00492657896910538,0.00551409082692538,0.0320101286049805,0.00111210991569631
S189,Viaggio nelle città di de Chirico,1983,17663,0.1428571429,0.02380952381,0.07142857143,0.380952381,0.04761904762,0.07142857143,0.1428571429,0,0.119047619,6,1,3,16,2,3,6,0,5,2.07,0.18,4.88,41.37,9.21,4.88,12.9,0,24.51,56,5,132,1119,249,132,349,0,663,0.00368132841764391,-0.032201722079144,0.0441666226986968,0.0178101068256748,0.0484290982281142,0.00101353506514451,-0.0120039705336358,-0.0406265771039023,0.00733209373669332,-0.00133914901284335,0.0310483884062975,-0.00749321769585702
S190,La spada del sole,1983,9267,0.1666666667,0,0.1666666667,0.3,0.1666666667,0.06666666667,0,0.03333333333,0.1,5,0,5,9,5,2,0,1,3,3.04,0,9.71,31.35,22.7,7.73,0,6.12,19.34,66,0,211,681,493,168,0,133,420,0.0460287298818089,-0.0599713930375605,0.0256549741957665,0.0283014005968969,0.0444954967682209,0.0307959808337219,0.00794799006505774,-0.0400467103517584,0.0126295222543248,-0.00190081164619183,0.036756158583307,0.00290990273256554
S191,La contemplazione delle stelle,1983,8612,0,0,0.1,0.65,0.2,0.05,0,0,0,0,0,2,13,4,1,0,0,0,0,0,1.91,54.16,23.04,20.9,0,0,0,0,0,25,710,302,274,0,0,0,-0.0516616735145346,-0.0268271855653402,-0.0210949589976564,0.000362378122508138,-0.00867034096112778,-0.027292089235892,-0.0525208947143991,0.0243353554691986,-0.0178789500424876,-0.000971608301493203,-0.00572679864391304,-0.0333815006734741
S192,Gli amori delle tartarughe,1983,3998,0,0,0,0.5,0,0.125,0.375,0,0,0,0,0,4,0,1,3,0,0,0,0,0,41.19,0,5.45,53.36,0,0,0,0,0,325,0,43,421,0,0,-0.0616980560047444,0.00907379451706468,-0.0309009012505213,-0.011344276355852,-0.0200919038139311,-0.0315978753965325,-0.0518228259065067,-0.00476106897030605,-0.0226321399659033,-0.00234525063179839,-0.0195916390396613,-0.0229842060342473
S193,Il prato infinito,1983,6978,0.07142857143,0,0.03571428571,0.25,0.1785714286,0.3214285714,0,0,0.1428571429,2,0,1,7,5,9,0,0,4,0.86,0,6.94,17.94,12.76,45.94,0,0,15.55,19,0,154,398,283,1019,0,0,345,0.0201358282677326,0.0212928232520297,0.0039055279909695,-0.00953354626881999,0.0169727674915297,0.00641401003350258,0.0408854556977459,0.0484527910990416,0.00142060760144098,0.00272325456015998,0.013719340043548,0.016617451693325
S194,Luna di pomeriggio,1983,4615,0.4,0,0.06666666667,0.3333333333,0.2,0,0,0,0,6,0,1,5,3,0,0,0,0,8.68,0,7.28,52.98,31.05,0,0,0,0,99,0,83,604,354,0,0,0,0,-0.0116343589734422,-0.0441096477698846,0.00238098030320824,0.0176336361402119,0.000524976697672328,-8.62071765820165e-05,-0.0673460474716044,-0.0270164383516343,-0.00581783982967539,0.00504210565875844,-0.00418782202188844,-0.0417795795635889
S195,Dal terrazzo,1983,7605,0.4545454545,0,0.09090909091,0.09090909091,0.09090909091,0,0,0.09090909091,0.1818181818,5,0,1,1,1,0,0,1,2,10.14,0,3,7.37,6.22,0,0,51.84,21.43,44,0,13,32,27,0,0,225,93,0.13729032962296,-0.0937865299677941,0.00187739298814858,0.0185166586681563,0.00829076473450319,0.0891500897932723,0.0715098303976407,-0.0734420116084985,-0.00994640966117352,-0.0121326784696558,-0.0135538374890029,0.0491379287743464
S196,Il museo dei formaggi,1983,6229,0.3333333333,0,0.08333333333,0.1666666667,0.4166666667,0,0,0,0,4,0,1,2,5,0,0,0,0,2.73,0,1.84,18.05,77.37,0,0,0,0,43,0,29,284,1217,0,0,0,0,0.0289612939342199,-0.0210930475076274,-0.00514677903638511,0.00658718641419468,-0.0124005459703218,0.023997805542614,-0.00705019125054076,-0.0277646919685433,-0.00238004442301621,0.00761602414770004,-0.0117235248750579,-0.0132082986422992
S198,L'ordine degli squamati,1983,6634,0.1304347826,0.04347826087,0.04347826087,0.3913043478,0.04347826087,0.1304347826,0.1739130435,0,0.04347826087,3,1,1,9,1,3,4,0,1,3.2,1.32,3.53,46.03,9.82,13.47,15.78,0,6.84,29,12,32,417,89,122,143,0,62,-0.0137443077680049,-0.015087957855729,0.00920531869514041,-0.00102591043918484,0.0223129591779308,-0.00913929641110358,-0.0329308783917222,-0.00516361998950403,-0.0161266164055463,-0.00201015813434929,0.00941709556518594,-0.0203834112682602
S199,Il modello dei modelli,1983,6836,0,0,0.1666666667,0.3333333333,0.2777777778,0.05555555556,0.05555555556,0,0.1111111111,0,0,3,6,5,1,1,0,2,0,0,3.73,32.3,26.66,8.28,6.28,0,22.75,0,0,41,355,293,91,69,0,250,0.0156937965943886,-0.0224791886838717,-0.0156696308241793,0.00114204098992414,0.00948587798416364,0.00314600041447497,0.00306115219348618,-0.0336554628572301,-0.0185072163135931,-0.000947949243557579,0.0178271418249728,-0.00385516781347893
S200,L'universo come specchio,1983,7002,0,0,0,0.375,0.625,0,0,0,0,0,0,0,3,5,0,0,0,0,0,0,0,45.8,54.2,0,0,0,0,0,0,0,300,355,0,0,0,0,-0.0370585908359224,-0.0125612351937456,-0.0302180285334503,-0.00426320264127821,-0.0272737227915642,-0.0216233389919843,-0.0638970067250338,-0.0216547645383603,-0.0243649097627682,-0.00105576815620678,-0.0201101854805587,-0.0382204709555807
S201,Come imparare a essere morto,1983,9295,0,0,0.1666666667,0.08333333333,0.3333333333,0.125,0.04166666667,0.04166666667,0.2083333333,0,0,4,2,8,3,1,1,5,0,0,2.76,11.44,42.08,14.8,2.07,1.64,25.21,0,0,64,265,975,343,48,38,584,0.0984828761568697,-0.0168589209925171,0.00328048163469937,0.00756367021484483,0.0227359725900752,0.0498370410101159,0.053258122996041,-0.0248247667101168,0.00268827578830264,0.00242183871605055,0.0222588702579409,0.0218407455454947
S202,L'ultimo canale,1984,12804,0,0,0.04347826087,0.3913043478,0.1304347826,0.08695652174,0.1304347826,0.04347826087,0.1739130435,0,0,1,9,3,2,3,1,4,0,0,0.99,21.7,6.89,18.04,18.93,5.1,28.34,0,0,20,438,139,364,382,103,572,0.0227276931505525,-0.0523540103226746,-0.00722140706143997,-0.00374363352752578,0.028309416675392,0.00673492517180385,0.0415045060383257,-0.0162594486630705,-0.00195779528255333,-0.00783399010568839,0.0253173085901626,0.0242830058902923
S203,Il ricordo è bendato,1984,11582,0,0,0,0.3181818182,0.1363636364,0.2727272727,0,0,0.2727272727,0,0,0,7,3,6,0,0,6,0,0,0,20.74,12.04,42.83,0,0,24.39,0,0,0,489,284,1010,0,0,575,0.0107305777771364,0.0181092599201318,-0.0147602873139129,-0.00640172374146394,0.00314504230574362,0.00114858733039116,0.038412071049773,0.0406780847438404,-0.00375596970174868,-0.000967688624545387,0.0117883134694932,0.0149184041763736
S204,Un re in ascolto,1984,46528,0.06293706294,0.006993006993,0,0.4615384615,0.2657342657,0.09090909091,0.04895104895,0.01398601399,0.04895104895,9,1,0,66,38,13,7,2,7,1.9,0.16,0,43.58,32.26,11.13,4.44,0.79,5.74,164,14,0,3763,2786,961,383,68,496,-0.0200256412223617,-0.0355136845527314,0.158489211154007,-0.0530134503241972,0.1039275604522,-0.0635935324927695,-0.0354756121458952,-0.01023358350292,0.087979955063687,0.0413613306117782,0.0626221997773204,-0.0608924123606684
S205,Il niente e il poco,1984,15867,0.03846153846,0.03846153846,0.2692307692,0.2307692308,0,0.1153846154,0,0.03846153846,0.2692307692,1,1,7,6,0,3,0,1,7,1.15,1.73,42.82,12.42,0,10.85,0,4.51,26.52,22,33,817,237,0,207,0,86,506,0.0793499315291022,-0.0296060538568081,0.0145443027795317,0.027068365360484,0.032507677645131,0.0522486131892422,0.0686324308155607,-0.0257834846465421,0.0101051177784998,0.0173459935171636,0.0191500344083437,0.0498543509345441
S206,L'implosione,1984,9364,0.1111111111,0,0.1111111111,0.5555555556,0.1111111111,0,0.05555555556,0.05555555556,0,2,0,2,10,2,0,1,1,0,1.83,0,10.99,53.38,8.52,0,10.42,14.86,0,26,0,156,758,121,0,148,211,0,-0.0160487424249166,-0.0951570818201333,-0.00693764569206667,0.00562418066539229,0.0138316837927321,-0.000812911429725963,-0.0600386478639373,-0.0392575568404396,-0.00151181214233133,-0.00809371284277743,0.00419523892199212,-0.0249141910635447
V001,Il sentiero dei nidi di ragno,1947,249888,0.01369863014,0,0,0.5068493151,0.3698630137,0.08219178082,0,0,0.02739726027,2,0,0,74,54,12,0,0,4,0.16,0,0,43.04,43.29,10.15,0,0,3.36,17,0,0,4676,4704,1103,0,0,365,-0.0429845900919585,-0.0169161491654935,0.0832677507655714,-0.136002877885695,0.0422398670642699,-0.0946684725053417,-0.0422140738026165,-0.00619444248887238,0.0851947321772358,0.0742346073655963,0.049188303638831,-0.0806540437743824
V003,Il visconte dimezzato,1952,138103,0,0,0,0.5806451613,0.06451612903,0.1290322581,0,0,0.2258064516,0,0,0,18,2,4,0,0,7,0,0,0,37.45,6.88,27.4,0,0,28.26,0,0,0,697,128,510,0,0,526,-0.0315995408929257,-0.0169133821163168,-0.0125711549210807,-0.00241758529711362,0.00259673799134325,-0.0193377271523999,0.00262890878553226,0.0159830601143609,-0.0128332554669718,-0.00143481371601695,0.0110726306697787,-0.00159874539940121
V005,Il barone rampante,1957,416814,0.01724137931,0.005747126437,0.09195402299,0.3103448276,0.2413793103,0.2068965517,0.02298850575,0,0.1034482759,3,1,16,54,42,36,4,0,18,0.63,0.15,2.73,27.88,25.78,22.06,3.6,0,17.16,84,20,362,3696,3418,2924,477,0,2275,0.0109755649977208,0.00231832204794296,0.183579244750709,-0.0732709165529484,0.115532934671104,-0.0452019739032561,0.0122758266168328,0.00171238894326756,0.1429727549993,0.0749267729233043,0.101878156740544,-0.0249229683371864
V008,Il cavaliere inesistente,1959,197268,0.08421052632,0.01052631579,0.2210526316,0.1368421053,0.1789473684,0.1368421053,0.08421052632,0.01052631579,0.1368421053,8,1,21,13,17,13,8,1,13,1.39,0.22,19.44,15.29,18.87,18.52,8.35,1.88,16.05,88,14,1227,965,1191,1169,527,119,1013,0.0703660517131146,-0.00875619783113846,0.15220276254294,0.0280717209269089,0.114625609351343,0.0429947921271654,0.0476361682815161,-0.0115430945127417,0.0860837302985447,0.0330450297638885,0.0765648231397439,0.0276763664184714
V009,La giornata di uno scrutatore,1963,121328,0.03271028037,0.02336448598,0.07009345794,0.308411215,0.191588785,0.1775700935,0.04672897196,0.01401869159,0.1355140187,7,5,15,66,41,38,10,3,29,0.38,0.57,5.3,20.6,28.71,16.11,4.41,1.22,22.7,82,122,1142,4439,6186,3471,950,262,4892,0.0234282111780202,-0.0158364136574794,0.313609458036195,0.0258772903068151,0.197482471569652,-0.0296247886802935,0.0332862356447579,-0.0196187554228597,0.288123366868167,0.152539535698408,0.18913570890634,-0.00125305337593439
V010,La speculazione edilizia,1963,191068,0,0.01176470588,0.08235294118,0.2352941176,0.2941176471,0.2235294118,0,0,0.1529411765,0,1,7,20,25,19,0,0,13,0,2.73,5.89,18.28,33.66,20.01,0,0,19.42,0,162,350,1086,2000,1189,0,0,1154,0.0279057033509591,0.012805587793884,0.0727968076621988,-0.031622366980058,0.0548958143649678,-0.00825392235662507,0.0352143613612,-0.00561014692088947,0.0652113807652805,0.0383039017720477,0.0591147148785118,0.00777986299287884
V016,Il castello dei destini incrociati,1969,62895,0.02919708029,0.007299270073,0.007299270073,0.1751824818,0.05839416058,0.1313868613,0.3284671533,0.1167883212,0.1459854015,4,1,1,24,8,18,45,16,20,0.28,0.06,0.07,13.95,4.38,8.05,39.36,11.49,22.37,42,9,10,2089,655,1205,5892,1720,3349,0.0915585398802491,-0.0463963399298262,0.22466358923065,-0.0756398648415577,0.161239761388176,0.0545867721188984,0.0543961860515344,-0.0431162851814514,0.184427869207045,-0.257197017120036,0.131379534442395,0.0570763590380755
V018,Le città invisibili,1972,146738,0.07874015748,0,0.02362204724,0.2598425197,0.3070866142,0.09448818898,0.157480315,0.0157480315,0.06299212598,10,0,3,33,39,12,20,2,8,1.42,0,0.98,30.84,38.22,11.38,5.52,1.94,9.71,228,0,157,4953,6137,1827,886,312,1559,0.0256661617605147,-0.0236716695289389,0.167706654568535,-0.0534006954284906,0.116002449020892,-0.0147157506131372,-0.00593447416410856,-0.0185159073132966,0.20123372148899,0.0916788600064824,0.13142289604284,-0.0576078799016518
V020,Eremita a Parigi,1974,16246,0,0,0.03333333333,0.2,0.3666666667,0.2,0.03333333333,0,0.1666666667,0,0,1,6,11,6,1,0,5,0,0,1.26,15.77,35.44,24.06,3.91,0,19.57,0,0,47,589,1324,899,146,0,731,0.0315328105327738,0.016192684487964,0.00040115382498106,-0.0115525984785008,0.0114011425688666,0.00695355707768472,0.0395248880968824,0.00391337896446732,0.0184431721138213,0.00843287171474339,0.0293918318627468,0.00956696030589788
V021,Se una notte d'inverno un viaggiatore,1979,458335,0.01533219761,0.0136286201,0.07666098807,0.4071550256,0.1124361158,0.132879046,0.0800681431,0.02555366269,0.136286201,9,8,45,239,66,78,47,15,80,1.28,1.08,6.13,36.37,10.75,13.49,7.66,2.96,20.28,682,574,3265,19382,5730,7188,4084,1580,10807,0.0117050474260724,-0.0360089655768042,0.873117831197052,-0.0489504221174578,0.470674313909464,-0.126194678442864,0.00131028842167758,-0.0208303857576649,0.900829652111526,-0.00432987369979785,0.48979383317034,-0.0858303115708623